income,existing_emis,credit_score,loan_amount,tenure_years,loan_type,employment_type,approved
63700.0,28100.0,817,160000.0,4,Personal,Salaried,0
107000.0,12800.0,730,350000.0,5,Personal,Salaried,1
42000.0,7000.0,777,180000.0,4,Personal,Self-Employed,1
163700.0,0.0,858,600000.0,11,Education,Self-Employed,1
144500.0,19800.0,618,390000.0,4,Education,Salaried,1
80600.0,10100.0,836,1980000.0,10,Business,Self-Employed,1
83300.0,0.0,732,5630000.0,29,Home,Salaried,0
163300.0,6500.0,441,5880000.0,11,Home,Self-Employed,0
132900.0,11100.0,729,2270000.0,7,Business,Self-Employed,1
199500.0,59100.0,806,540000.0,3,Business,Salaried,1
84300.0,23700.0,732,2830000.0,2,Business,Salaried,0
76000.0,7200.0,767,1090000.0,11,Education,Self-Employed,1
68100.0,24900.0,777,820000.0,7,Personal,Self-Employed,1
103900.0,22600.0,501,380000.0,2,Personal,Salaried,0
103400.0,47200.0,637,730000.0,5,Personal,Salaried,1
186600.0,0.0,765,1260000.0,6,Business,Unemployed,0
54200.0,19100.0,664,310000.0,1,Business,Salaried,1
25300.0,10200.0,638,1410000.0,5,Personal,Self-Employed,0
163800.0,9500.0,708,4000000.0,28,Home,Self-Employed,1
148900.0,0.0,656,820000.0,2,Personal,Salaried,1
176400.0,85500.0,324,1000000.0,11,Education,Salaried,0
171600.0,50000.0,704,120000.0,4,Personal,Unemployed,1
159400.0,40500.0,548,1710000.0,8,Business,Salaried,0
23000.0,0.0,686,120000.0,10,Education,Salaried,1
107500.0,0.0,613,6960000.0,17,Home,Salaried,0
19500.0,7700.0,687,2460000.0,26,Home,Salaried,0
36600.0,10000.0,533,570000.0,24,Home,Salaried,0
52100.0,29200.0,519,570000.0,2,Personal,Salaried,0
197600.0,900.0,374,1010000.0,5,Education,Self-Employed,0
41200.0,5200.0,759,1280000.0,5,Personal,Self-Employed,1
91600.0,200.0,748,420000.0,6,Personal,Salaried,1
33000.0,0.0,644,200000.0,6,Business,Salaried,1
19900.0,11100.0,309,3180000.0,26,Home,Salaried,0
117300.0,0.0,487,1390000.0,2,Personal,Salaried,0
16700.0,0.0,833,6520000.0,28,Home,Self-Employed,0
143800.0,3300.0,658,1380000.0,8,Education,Salaried,1
136100.0,22800.0,780,3130000.0,21,Home,Salaried,1
33700.0,0.0,851,430000.0,4,Education,Unemployed,1
71000.0,21800.0,736,420000.0,14,Education,Self-Employed,1
25200.0,5000.0,802,5900000.0,14,Home,Salaried,0
143100.0,16500.0,700,2270000.0,3,Business,Salaried,1
168700.0,21300.0,742,520000.0,10,Education,Salaried,1
161200.0,0.0,753,2630000.0,26,Home,Salaried,1
191000.0,35600.0,336,120000.0,10,Education,Salaried,0
178600.0,77000.0,704,250000.0,6,Personal,Salaried,0
53100.0,0.0,716,850000.0,7,Personal,Self-Employed,1
137500.0,0.0,843,7190000.0,24,Home,Self-Employed,1
115000.0,0.0,718,850000.0,4,Business,Self-Employed,1
110000.0,18100.0,680,440000.0,8,Education,Self-Employed,1
55500.0,23500.0,705,830000.0,4,Personal,Salaried,0
156700.0,0.0,813,1770000.0,8,Business,Salaried,0
85300.0,0.0,434,1120000.0,15,Education,Salaried,0
63300.0,14800.0,787,5930000.0,19,Home,Salaried,0
123300.0,6200.0,808,300000.0,3,Personal,Unemployed,0
75500.0,0.0,844,3660000.0,7,Home,Salaried,1
77800.0,36500.0,775,1430000.0,2,Personal,Unemployed,0
101000.0,57400.0,673,3270000.0,24,Home,Salaried,0
42800.0,14900.0,443,1360000.0,4,Personal,Self-Employed,0
141800.0,8700.0,802,5000000.0,8,Home,Salaried,1
92500.0,28100.0,802,1240000.0,1,Personal,Salaried,1
167800.0,0.0,770,1450000.0,7,Education,Self-Employed,1
167200.0,32300.0,835,910000.0,8,Business,Salaried,1
137600.0,40800.0,720,1130000.0,5,Business,Salaried,1
109100.0,15800.0,732,400000.0,10,Education,Salaried,1
15200.0,3700.0,754,1170000.0,9,Business,Salaried,0
115500.0,31400.0,667,2190000.0,6,Business,Unemployed,0
150900.0,53400.0,740,7850000.0,11,Home,Salaried,0
14700.0,2400.0,438,1060000.0,5,Education,Salaried,0
14300.0,4100.0,853,830000.0,8,Business,Salaried,0
25900.0,800.0,734,480000.0,2,Personal,Salaried,1
160700.0,50400.0,712,2590000.0,7,Business,Self-Employed,1
151100.0,0.0,662,1000000.0,2,Personal,Self-Employed,1
88800.0,25000.0,680,450000.0,7,Personal,Salaried,1
160100.0,63500.0,406,4580000.0,25,Home,Unemployed,0
25400.0,4700.0,735,470000.0,4,Education,Self-Employed,1
189200.0,56100.0,598,680000.0,8,Education,Self-Employed,0
192800.0,0.0,844,1500000.0,6,Personal,Salaried,1
44900.0,11900.0,886,670000.0,7,Personal,Self-Employed,1
88800.0,5600.0,706,760000.0,6,Personal,Salaried,1
71100.0,41400.0,725,1480000.0,6,Personal,Salaried,0
47300.0,21500.0,777,690000.0,9,Business,Salaried,0
143300.0,83700.0,669,280000.0,11,Education,Salaried,1
198500.0,0.0,633,2510000.0,8,Business,Salaried,1
63400.0,0.0,360,850000.0,9,Education,Salaried,0
63900.0,0.0,835,4310000.0,5,Home,Self-Employed,0
121000.0,62800.0,719,530000.0,15,Education,Self-Employed,0
175500.0,0.0,700,2580000.0,7,Business,Unemployed,1
164500.0,65500.0,545,1540000.0,1,Business,Self-Employed,0
176300.0,55600.0,767,640000.0,13,Education,Self-Employed,1
194200.0,80700.0,803,1280000.0,7,Personal,Salaried,1
178800.0,58000.0,668,1040000.0,7,Education,Self-Employed,1
30500.0,16000.0,761,1360000.0,1,Personal,Salaried,0
82500.0,26300.0,785,280000.0,1,Personal,Salaried,1
57300.0,0.0,715,840000.0,5,Business,Self-Employed,1
139400.0,36900.0,738,1950000.0,7,Business,Unemployed,0
49500.0,14400.0,735,1770000.0,5,Business,Self-Employed,1
118400.0,52900.0,742,1540000.0,5,Business,Salaried,0
78200.0,29100.0,767,5440000.0,9,Home,Self-Employed,0
94900.0,41700.0,682,1130000.0,2,Personal,Salaried,0
183700.0,0.0,794,750000.0,15,Education,Salaried,1
100000.0,45200.0,757,1030000.0,9,Education,Self-Employed,0
86200.0,6400.0,774,430000.0,9,Education,Salaried,1
56000.0,29700.0,826,370000.0,4,Education,Salaried,0
68800.0,5800.0,376,1530000.0,2,Business,Unemployed,0
81800.0,0.0,729,4910000.0,28,Home,Salaried,0
168700.0,95100.0,760,730000.0,8,Business,Self-Employed,0
140900.0,82700.0,703,330000.0,4,Education,Salaried,0
51900.0,30200.0,690,2970000.0,10,Business,Salaried,0
164900.0,76600.0,740,2580000.0,9,Home,Salaried,0
32700.0,0.0,695,1190000.0,12,Education,Self-Employed,1
35800.0,2400.0,713,3220000.0,23,Home,Salaried,0
20200.0,0.0,430,3940000.0,5,Home,Unemployed,0
92100.0,39400.0,820,1030000.0,3,Business,Self-Employed,1
122000.0,0.0,740,480000.0,11,Education,Self-Employed,1
33500.0,17600.0,807,660000.0,2,Personal,Self-Employed,0
149200.0,28000.0,845,2090000.0,8,Business,Salaried,1
30200.0,0.0,439,890000.0,5,Personal,Salaried,0
176200.0,0.0,827,110000.0,3,Personal,Salaried,1
107400.0,31100.0,387,860000.0,4,Education,Salaried,0
170900.0,0.0,453,5320000.0,5,Home,Self-Employed,0
63400.0,0.0,387,310000.0,5,Education,Salaried,0
151300.0,0.0,728,1190000.0,8,Business,Salaried,1
73000.0,0.0,814,280000.0,15,Education,Salaried,1
136400.0,36200.0,775,200000.0,4,Personal,Salaried,1
70000.0,41300.0,660,2840000.0,3,Business,Salaried,0
13500.0,0.0,700,1070000.0,11,Education,Salaried,0
174000.0,2000.0,515,880000.0,12,Education,Salaried,0
88100.0,0.0,842,1430000.0,6,Business,Salaried,1
122700.0,29100.0,692,520000.0,2,Personal,Salaried,1
48500.0,0.0,848,980000.0,2,Personal,Salaried,1
44600.0,20300.0,844,5210000.0,19,Home,Salaried,0
177800.0,105200.0,857,1020000.0,8,Business,Self-Employed,0
161700.0,34100.0,715,210000.0,6,Business,Self-Employed,1
195700.0,69800.0,737,1430000.0,6,Personal,Self-Employed,1
119500.0,43400.0,848,1410000.0,6,Business,Unemployed,0
44400.0,11700.0,726,260000.0,3,Personal,Salaried,1
75600.0,35800.0,612,370000.0,7,Business,Salaried,1
121600.0,25500.0,474,3440000.0,24,Home,Salaried,0
82800.0,0.0,467,1250000.0,6,Personal,Salaried,0
91600.0,19900.0,662,1420000.0,4,Personal,Self-Employed,1
67600.0,0.0,729,6040000.0,21,Home,Salaried,1
128200.0,11900.0,760,960000.0,5,Education,Self-Employed,1
139200.0,37100.0,774,690000.0,5,Personal,Salaried,1
48500.0,16600.0,779,2360000.0,9,Business,Unemployed,0
162600.0,24400.0,810,4660000.0,8,Home,Self-Employed,1
155500.0,84500.0,711,1420000.0,2,Personal,Salaried,0
90000.0,20200.0,619,380000.0,8,Education,Unemployed,1
37900.0,18900.0,640,1070000.0,10,Education,Self-Employed,0
52500.0,29600.0,708,1170000.0,2,Personal,Salaried,0
132100.0,5000.0,424,820000.0,6,Personal,Salaried,0
66800.0,14100.0,655,5510000.0,21,Home,Self-Employed,0
114300.0,0.0,584,1310000.0,1,Personal,Unemployed,0
15100.0,0.0,770,960000.0,15,Education,Salaried,0
78200.0,30200.0,471,1470000.0,10,Education,Salaried,0
157900.0,27800.0,658,810000.0,14,Home,Salaried,1
153600.0,32900.0,808,1060000.0,2,Business,Salaried,1
151700.0,0.0,859,1540000.0,8,Business,Self-Employed,1
148700.0,53800.0,436,520000.0,4,Education,Self-Employed,0
125300.0,51900.0,600,1310000.0,8,Education,Salaried,1
196200.0,0.0,748,1150000.0,3,Business,Salaried,1
139500.0,10600.0,750,3220000.0,23,Home,Self-Employed,0
190400.0,87200.0,727,3490000.0,25,Home,Self-Employed,0
47000.0,25800.0,780,1060000.0,2,Personal,Salaried,0
199700.0,16300.0,651,1080000.0,4,Education,Self-Employed,1
145400.0,25300.0,646,1080000.0,14,Education,Self-Employed,1
34800.0,2900.0,589,850000.0,8,Education,Salaried,0
28200.0,16900.0,727,6270000.0,23,Home,Self-Employed,0
96600.0,20000.0,495,980000.0,5,Education,Self-Employed,0
183200.0,13600.0,648,2920000.0,27,Home,Salaried,1
59100.0,19500.0,684,820000.0,11,Education,Self-Employed,1
129400.0,0.0,830,810000.0,5,Home,Salaried,1
156200.0,59900.0,746,470000.0,7,Education,Self-Employed,1
25700.0,6800.0,660,1860000.0,6,Business,Salaried,0
173800.0,0.0,698,860000.0,8,Education,Self-Employed,1
58600.0,10200.0,744,390000.0,7,Personal,Salaried,1
147600.0,14100.0,416,1320000.0,10,Education,Unemployed,1
193700.0,41000.0,721,2660000.0,8,Business,Salaried,1
93000.0,0.0,778,570000.0,4,Personal,Self-Employed,1
66300.0,17900.0,795,5170000.0,24,Home,Salaried,0
161400.0,90900.0,658,780000.0,5,Personal,Salaried,1
74600.0,20500.0,725,510000.0,5,Personal,Salaried,1
151000.0,30500.0,433,2160000.0,5,Business,Unemployed,0
138700.0,0.0,786,1100000.0,6,Personal,Salaried,1
135300.0,0.0,666,250000.0,8,Business,Salaried,1
140000.0,79600.0,583,1010000.0,3,Business,Salaried,0
157700.0,0.0,483,970000.0,9,Home,Salaried,0
101900.0,58500.0,728,840000.0,13,Education,Unemployed,0
48100.0,16100.0,858,480000.0,7,Education,Self-Employed,1
77600.0,0.0,677,450000.0,9,Business,Salaried,1
191500.0,0.0,680,2170000.0,6,Business,Self-Employed,1
52200.0,0.0,733,440000.0,4,Education,Self-Employed,1
137900.0,52800.0,706,5880000.0,8,Home,Salaried,0
115500.0,0.0,836,7090000.0,20,Home,Salaried,0
133400.0,0.0,736,830000.0,14,Education,Salaried,1
44900.0,0.0,828,1500000.0,4,Personal,Unemployed,0
192900.0,0.0,302,4760000.0,8,Home,Unemployed,0
198000.0,58700.0,512,730000.0,6,Education,Salaried,0
98300.0,11000.0,785,870000.0,15,Education,Salaried,1
108900.0,43700.0,641,1040000.0,4,Business,Self-Employed,0
153700.0,0.0,767,130000.0,6,Business,Salaried,1
99500.0,41000.0,521,1160000.0,6,Personal,Self-Employed,0
53500.0,0.0,714,1480000.0,8,Education,Salaried,1
162800.0,0.0,758,1830000.0,2,Business,Self-Employed,1
118100.0,38800.0,735,270000.0,8,Education,Salaried,1
50600.0,2800.0,790,1410000.0,9,Business,Salaried,1
138500.0,1800.0,563,350000.0,1,Personal,Salaried,1
113700.0,61000.0,418,470000.0,5,Education,Self-Employed,0
179600.0,98800.0,619,2900000.0,9,Business,Salaried,0
198700.0,15200.0,508,1150000.0,7,Education,Salaried,0
166800.0,34600.0,837,2200000.0,2,Business,Salaried,0
188000.0,0.0,613,1820000.0,8,Business,Self-Employed,1
20300.0,6600.0,781,240000.0,3,Personal,Salaried,1
157200.0,0.0,811,1480000.0,11,Education,Salaried,1
116700.0,51500.0,757,860000.0,3,Education,Salaried,1
71900.0,6400.0,775,1470000.0,4,Business,Self-Employed,1
184000.0,106800.0,639,2320000.0,11,Home,Self-Employed,0
171300.0,74500.0,676,1020000.0,5,Personal,Unemployed,1
155200.0,0.0,718,1310000.0,3,Personal,Salaried,1
47700.0,0.0,775,1370000.0,6,Personal,Salaried,1
57000.0,9700.0,751,2810000.0,16,Home,Salaried,0
162900.0,0.0,688,690000.0,6,Business,Salaried,1
15000.0,5300.0,682,1970000.0,12,Home,Self-Employed,0
135100.0,20900.0,541,5310000.0,20,Home,Salaried,0
147400.0,81100.0,749,140000.0,3,Education,Salaried,0
137600.0,0.0,800,370000.0,6,Personal,Unemployed,0
82200.0,32900.0,719,4160000.0,5,Home,Salaried,0
111500.0,65400.0,791,2050000.0,3,Business,Salaried,0
57300.0,8700.0,786,150000.0,4,Personal,Salaried,1
54500.0,27700.0,805,6200000.0,7,Home,Unemployed,0
22500.0,2300.0,710,2370000.0,10,Business,Salaried,0
184800.0,99900.0,734,430000.0,1,Personal,Self-Employed,0
117900.0,65700.0,850,900000.0,15,Education,Self-Employed,0
68300.0,23200.0,469,1670000.0,7,Business,Unemployed,0
141600.0,63300.0,626,2240000.0,7,Home,Self-Employed,0
73400.0,34500.0,666,1700000.0,7,Business,Unemployed,0
128300.0,0.0,619,550000.0,3,Business,Salaried,1
29200.0,0.0,777,200000.0,4,Education,Salaried,1
108300.0,5800.0,740,2370000.0,7,Business,Salaried,0
27900.0,0.0,544,1760000.0,3,Business,Salaried,0
68600.0,2600.0,708,4130000.0,7,Home,Salaried,0
105200.0,28900.0,570,3470000.0,24,Home,Self-Employed,0
93000.0,0.0,740,490000.0,12,Education,Salaried,1
45400.0,8700.0,747,7760000.0,30,Home,Salaried,0
159700.0,89300.0,886,620000.0,9,Business,Salaried,1
51400.0,0.0,317,2560000.0,7,Business,Unemployed,0
57500.0,24700.0,616,7930000.0,20,Home,Self-Employed,0
160700.0,86300.0,749,350000.0,4,Business,Salaried,0
127200.0,49200.0,854,530000.0,15,Education,Salaried,1
53700.0,0.0,759,350000.0,3,Personal,Salaried,1
16600.0,4100.0,329,7560000.0,9,Home,Salaried,0
50900.0,14500.0,761,510000.0,7,Education,Salaried,0
76500.0,36700.0,485,790000.0,5,Personal,Salaried,0
55600.0,6200.0,710,180000.0,10,Business,Unemployed,0
85100.0,0.0,775,2450000.0,2,Business,Salaried,1
49000.0,19700.0,853,2850000.0,17,Home,Salaried,0
171000.0,83500.0,683,930000.0,1,Personal,Salaried,1
69400.0,28900.0,707,250000.0,9,Education,Salaried,1
142400.0,85400.0,720,510000.0,6,Business,Self-Employed,0
190900.0,22400.0,733,990000.0,4,Personal,Self-Employed,1
95400.0,32400.0,664,190000.0,4,Business,Self-Employed,1
118300.0,0.0,724,4800000.0,13,Home,Self-Employed,1
154300.0,0.0,664,670000.0,14,Education,Salaried,1
199900.0,41800.0,409,7950000.0,29,Home,Salaried,0
122500.0,52200.0,649,1540000.0,11,Home,Self-Employed,0
112100.0,11300.0,373,870000.0,7,Personal,Salaried,0
153000.0,5400.0,752,1060000.0,2,Personal,Salaried,1
155200.0,45600.0,676,650000.0,10,Education,Self-Employed,1
153000.0,80500.0,720,890000.0,7,Personal,Salaried,0
98200.0,21100.0,728,350000.0,4,Personal,Self-Employed,1
167700.0,58200.0,719,1100000.0,1,Business,Salaried,0
186700.0,51100.0,406,2990000.0,3,Business,Salaried,0
187400.0,73600.0,698,1360000.0,5,Education,Salaried,1
154000.0,8400.0,662,160000.0,12,Education,Self-Employed,1
142800.0,0.0,405,480000.0,2,Business,Salaried,0
31300.0,16500.0,780,1140000.0,2,Personal,Self-Employed,0
117900.0,11600.0,662,6110000.0,18,Home,Salaried,0
28300.0,12800.0,701,2890000.0,6,Business,Self-Employed,0
27800.0,10000.0,781,5680000.0,26,Home,Salaried,0
107800.0,0.0,606,7230000.0,12,Home,Salaried,0
132000.0,70400.0,696,500000.0,4,Personal,Salaried,0
140400.0,0.0,492,150000.0,2,Business,Salaried,1
23400.0,0.0,747,4260000.0,18,Home,Salaried,0
112900.0,18800.0,724,690000.0,3,Business,Salaried,1
155500.0,60000.0,711,2860000.0,4,Business,Salaried,0
33800.0,1100.0,753,290000.0,1,Personal,Unemployed,0
191200.0,89800.0,649,220000.0,7,Personal,Salaried,1
17500.0,0.0,611,1080000.0,5,Personal,Self-Employed,0
79700.0,27100.0,673,400000.0,10,Business,Salaried,1
107700.0,55800.0,717,590000.0,2,Personal,Salaried,0
183800.0,0.0,688,640000.0,6,Personal,Salaried,1
34400.0,1100.0,725,100000.0,4,Personal,Salaried,1
157400.0,8200.0,698,950000.0,5,Business,Self-Employed,1
123200.0,57100.0,820,6200000.0,12,Home,Salaried,0
113800.0,47300.0,691,2300000.0,7,Business,Salaried,0
111600.0,32900.0,886,1080000.0,4,Education,Salaried,0
109700.0,0.0,859,1140000.0,8,Home,Self-Employed,1
118800.0,68700.0,674,1010000.0,7,Business,Salaried,0
63100.0,7700.0,738,280000.0,5,Education,Salaried,1
112800.0,0.0,685,430000.0,4,Education,Salaried,1
143000.0,71700.0,623,410000.0,8,Education,Self-Employed,1
60900.0,0.0,705,690000.0,6,Personal,Self-Employed,1
163100.0,1200.0,545,220000.0,7,Personal,Salaried,0
60700.0,0.0,611,1360000.0,4,Personal,Salaried,1
167900.0,4300.0,649,870000.0,7,Personal,Unemployed,0
140400.0,18100.0,679,2660000.0,1,Business,Salaried,1
105800.0,0.0,622,3370000.0,18,Home,Self-Employed,1
162800.0,0.0,495,3190000.0,22,Home,Self-Employed,0
106400.0,11500.0,664,1350000.0,15,Education,Unemployed,1
156200.0,0.0,325,2000000.0,5,Business,Salaried,0
190200.0,112100.0,836,1490000.0,2,Personal,Self-Employed,0
143200.0,0.0,762,1420000.0,12,Education,Self-Employed,1
164400.0,0.0,652,780000.0,6,Home,Self-Employed,1
101900.0,37500.0,385,1830000.0,30,Home,Salaried,0
39800.0,0.0,631,810000.0,8,Education,Salaried,1
136500.0,27600.0,861,1110000.0,9,Education,Self-Employed,1
44800.0,0.0,833,2380000.0,4,Business,Self-Employed,1
150000.0,16000.0,762,4800000.0,29,Home,Salaried,1
71800.0,0.0,749,180000.0,4,Personal,Salaried,1
196700.0,104500.0,764,970000.0,3,Personal,Salaried,0
142300.0,67200.0,603,690000.0,9,Education,Salaried,1
83200.0,5100.0,807,1990000.0,4,Business,Salaried,1
18300.0,2900.0,692,1340000.0,2,Personal,Self-Employed,0
197200.0,0.0,710,990000.0,5,Personal,Salaried,1
74200.0,0.0,732,7440000.0,22,Home,Salaried,0
30000.0,9900.0,606,60000.0,4,Education,Salaried,1
16800.0,2900.0,800,990000.0,7,Business,Salaried,0
114300.0,60700.0,712,430000.0,10,Education,Salaried,0
40400.0,2300.0,790,650000.0,15,Education,Salaried,1
165900.0,53300.0,418,1330000.0,4,Personal,Self-Employed,0
146300.0,79000.0,469,1900000.0,2,Business,Unemployed,0
197100.0,0.0,331,1330000.0,7,Business,Salaried,0
60500.0,0.0,316,3410000.0,17,Home,Self-Employed,0
184400.0,77500.0,782,210000.0,5,Education,Salaried,1
117800.0,20200.0,693,630000.0,4,Personal,Unemployed,0
63800.0,23300.0,598,2680000.0,6,Business,Salaried,0
185100.0,0.0,792,480000.0,3,Personal,Self-Employed,1
54900.0,24500.0,688,1100000.0,5,Personal,Unemployed,0
183700.0,53400.0,699,920000.0,30,Home,Salaried,1
87800.0,0.0,735,300000.0,6,Education,Self-Employed,1
21500.0,2600.0,716,3480000.0,8,Home,Salaried,0
123700.0,64600.0,694,1730000.0,13,Home,Salaried,0
84700.0,29100.0,514,980000.0,6,Personal,Salaried,0
174600.0,0.0,717,480000.0,3,Business,Salaried,1
126400.0,0.0,764,430000.0,4,Personal,Salaried,1
99700.0,49300.0,628,1580000.0,6,Business,Salaried,0
32300.0,19200.0,806,430000.0,14,Education,Salaried,0
109300.0,3700.0,502,640000.0,8,Education,Salaried,0
199500.0,50100.0,595,1070000.0,5,Personal,Self-Employed,0
53800.0,25300.0,467,790000.0,5,Education,Self-Employed,0
100500.0,0.0,733,7340000.0,26,Home,Salaried,0
54000.0,0.0,815,580000.0,5,Personal,Salaried,1
174900.0,99100.0,816,770000.0,7,Personal,Salaried,0
175700.0,104600.0,871,1340000.0,10,Education,Salaried,0
103700.0,11000.0,566,2550000.0,29,Home,Self-Employed,0
155600.0,57400.0,704,7740000.0,17,Home,Salaried,1
190600.0,0.0,728,630000.0,5,Home,Self-Employed,1
176900.0,10900.0,684,990000.0,6,Home,Salaried,1
109800.0,28600.0,639,1490000.0,10,Education,Salaried,1
182500.0,0.0,665,7890000.0,11,Home,Salaried,1
145700.0,0.0,749,6280000.0,24,Home,Salaried,0
134900.0,55800.0,700,830000.0,4,Personal,Self-Employed,1
130500.0,51800.0,676,5040000.0,9,Home,Self-Employed,0
128100.0,60300.0,743,1170000.0,7,Personal,Salaried,0
89000.0,29300.0,472,4100000.0,12,Home,Salaried,1
169000.0,15100.0,724,1090000.0,1,Personal,Unemployed,0
195700.0,5900.0,518,6890000.0,16,Home,Salaried,0
33800.0,0.0,302,250000.0,13,Education,Salaried,0
191600.0,84300.0,692,220000.0,9,Education,Self-Employed,1
141700.0,35900.0,341,240000.0,14,Education,Self-Employed,0
183300.0,62600.0,743,6340000.0,24,Home,Salaried,1
103800.0,0.0,611,5410000.0,5,Home,Salaried,1
137900.0,43300.0,625,5460000.0,12,Home,Unemployed,0
167400.0,0.0,576,2810000.0,9,Business,Salaried,0
26100.0,3800.0,312,750000.0,7,Business,Self-Employed,0
95500.0,5000.0,687,7860000.0,28,Home,Salaried,0
18700.0,9300.0,851,970000.0,5,Personal,Salaried,0
80300.0,10700.0,733,1900000.0,8,Business,Unemployed,0
33400.0,0.0,692,1250000.0,15,Education,Self-Employed,1
20600.0,1700.0,767,210000.0,12,Education,Self-Employed,1
85900.0,40300.0,630,640000.0,6,Personal,Unemployed,0
96700.0,55500.0,722,810000.0,1,Personal,Self-Employed,0
102800.0,56800.0,737,2220000.0,3,Business,Self-Employed,0
84300.0,0.0,490,450000.0,8,Education,Salaried,0
38000.0,20200.0,800,1690000.0,6,Business,Self-Employed,0
129300.0,26800.0,865,5380000.0,10,Home,Salaried,0
155000.0,54200.0,477,1030000.0,11,Education,Self-Employed,0
110300.0,9600.0,659,2280000.0,3,Business,Self-Employed,1
23700.0,0.0,729,570000.0,10,Education,Salaried,1
117500.0,55300.0,680,5480000.0,17,Home,Self-Employed,0
22100.0,0.0,809,1300000.0,10,Education,Unemployed,0
114800.0,53500.0,373,310000.0,13,Education,Self-Employed,0
34400.0,5800.0,647,6850000.0,5,Home,Self-Employed,0
186600.0,86600.0,800,2760000.0,30,Home,Salaried,0
145000.0,83300.0,783,280000.0,11,Education,Salaried,0
178100.0,35400.0,844,940000.0,4,Personal,Salaried,1
77000.0,29700.0,360,90000.0,3,Personal,Salaried,0
113600.0,62100.0,393,1210000.0,4,Personal,Salaried,0
48200.0,27400.0,847,830000.0,3,Education,Self-Employed,0
157400.0,0.0,628,4530000.0,27,Home,Self-Employed,1
188700.0,0.0,715,1060000.0,2,Business,Self-Employed,1
116900.0,16000.0,701,5230000.0,18,Home,Self-Employed,0
112500.0,41700.0,738,2130000.0,2,Business,Self-Employed,0
140900.0,23800.0,395,1240000.0,1,Personal,Salaried,0
85500.0,0.0,849,1580000.0,26,Home,Salaried,1
14100.0,0.0,599,880000.0,9,Education,Unemployed,0
152700.0,0.0,706,980000.0,5,Personal,Salaried,1
168900.0,18400.0,803,6890000.0,22,Home,Salaried,1
24700.0,10800.0,690,220000.0,6,Personal,Salaried,1
181200.0,49000.0,684,900000.0,12,Education,Self-Employed,1
43700.0,20600.0,749,450000.0,8,Education,Unemployed,0
99000.0,18100.0,652,930000.0,7,Education,Self-Employed,1
48900.0,0.0,768,7190000.0,21,Home,Self-Employed,0
52000.0,8100.0,434,2000000.0,3,Business,Self-Employed,0
122800.0,0.0,722,1180000.0,16,Home,Self-Employed,1
163600.0,16300.0,712,1840000.0,23,Home,Self-Employed,1
102900.0,13500.0,611,3270000.0,6,Home,Self-Employed,1
184600.0,0.0,751,200000.0,11,Education,Salaried,1
61500.0,6400.0,697,1000000.0,4,Education,Self-Employed,1
53900.0,26400.0,785,2670000.0,1,Business,Unemployed,0
55200.0,9300.0,646,5020000.0,8,Home,Salaried,0
147400.0,42300.0,647,2520000.0,1,Business,Self-Employed,1
42300.0,1000.0,607,2440000.0,10,Home,Salaried,0
118000.0,50900.0,679,350000.0,8,Business,Salaried,1
44100.0,0.0,786,2480000.0,3,Business,Self-Employed,0
140900.0,0.0,614,600000.0,5,Education,Salaried,1
183000.0,90800.0,652,7260000.0,24,Home,Salaried,1
136000.0,0.0,558,1410000.0,6,Personal,Salaried,0
20200.0,2800.0,497,1210000.0,10,Business,Salaried,0
59800.0,0.0,320,910000.0,5,Personal,Salaried,0
151800.0,47600.0,699,2040000.0,30,Home,Salaried,1
92100.0,14400.0,734,940000.0,13,Education,Salaried,1
159400.0,35400.0,672,2800000.0,16,Home,Salaried,1
172700.0,77500.0,762,570000.0,4,Business,Self-Employed,1
127400.0,4000.0,748,1220000.0,5,Education,Self-Employed,1
61500.0,22500.0,833,1260000.0,9,Business,Salaried,0
166200.0,43800.0,752,1210000.0,3,Personal,Unemployed,0
138700.0,54500.0,321,2570000.0,17,Home,Self-Employed,0
49700.0,21000.0,437,2210000.0,9,Business,Salaried,0
165300.0,95500.0,705,60000.0,5,Education,Salaried,0
106600.0,7500.0,673,820000.0,7,Personal,Salaried,1
117900.0,0.0,850,1430000.0,8,Business,Unemployed,0
60500.0,28600.0,762,1210000.0,4,Personal,Salaried,0
61500.0,14700.0,692,850000.0,2,Personal,Self-Employed,1
119900.0,53700.0,347,1120000.0,6,Education,Salaried,0
50100.0,18600.0,629,1380000.0,13,Education,Salaried,0
155700.0,3900.0,745,1530000.0,10,Business,Self-Employed,1
155700.0,37200.0,637,1620000.0,7,Business,Salaried,1
86000.0,9000.0,474,710000.0,6,Personal,Salaried,1
30900.0,16000.0,675,2520000.0,24,Home,Salaried,0
51600.0,0.0,804,2600000.0,10,Home,Salaried,1
147500.0,0.0,804,1970000.0,30,Home,Self-Employed,1
13800.0,1100.0,457,4500000.0,15,Home,Salaried,0
173400.0,10300.0,663,420000.0,13,Education,Salaried,1
79700.0,38700.0,706,560000.0,13,Education,Salaried,0
134200.0,78900.0,689,4330000.0,29,Home,Salaried,0
65900.0,5700.0,789,530000.0,6,Personal,Salaried,1
25400.0,3500.0,681,880000.0,7,Business,Self-Employed,1
188500.0,0.0,713,590000.0,1,Business,Self-Employed,1
188800.0,0.0,649,1270000.0,7,Home,Self-Employed,1
17000.0,7800.0,674,550000.0,7,Business,Salaried,0
95300.0,30100.0,595,3180000.0,15,Home,Self-Employed,0
113600.0,30300.0,474,610000.0,10,Business,Unemployed,0
132200.0,27500.0,789,1380000.0,6,Business,Salaried,1
12000.0,0.0,385,4020000.0,5,Home,Salaried,0
101700.0,26300.0,667,120000.0,6,Business,Unemployed,0
42700.0,0.0,700,860000.0,7,Business,Salaried,1
151700.0,0.0,803,310000.0,7,Education,Salaried,1
63200.0,7100.0,604,1650000.0,3,Business,Self-Employed,1
146500.0,0.0,644,770000.0,8,Education,Salaried,1
99200.0,0.0,800,2860000.0,1,Business,Unemployed,0
100400.0,50700.0,507,450000.0,4,Business,Salaried,0
199000.0,87800.0,754,700000.0,7,Business,Salaried,1
41800.0,0.0,731,230000.0,10,Education,Unemployed,1
21800.0,12700.0,710,610000.0,30,Home,Salaried,0
57700.0,0.0,760,1040000.0,2,Personal,Salaried,1
106000.0,21500.0,489,120000.0,3,Personal,Salaried,0
55700.0,0.0,776,1210000.0,4,Personal,Salaried,1
79300.0,42800.0,711,460000.0,6,Personal,Self-Employed,0
72900.0,38000.0,806,1700000.0,21,Home,Salaried,0
113800.0,53000.0,770,1330000.0,12,Education,Self-Employed,0
23900.0,0.0,347,5620000.0,29,Home,Salaried,0
132500.0,41600.0,798,240000.0,3,Education,Salaried,1
18000.0,4200.0,746,1810000.0,1,Business,Salaried,0
185200.0,103200.0,417,970000.0,3,Personal,Salaried,0
161300.0,59700.0,770,2520000.0,2,Business,Self-Employed,1
55400.0,6400.0,735,1420000.0,5,Personal,Salaried,1
156100.0,63200.0,709,400000.0,3,Business,Self-Employed,1
112400.0,63000.0,437,1500000.0,8,Education,Self-Employed,0
72800.0,23800.0,731,2260000.0,6,Business,Self-Employed,0
12000.0,2000.0,639,2680000.0,1,Business,Unemployed,0
71200.0,0.0,505,7390000.0,21,Home,Salaried,0
98500.0,15700.0,362,2420000.0,14,Home,Salaried,0
52900.0,10300.0,720,2710000.0,10,Business,Salaried,0
68500.0,0.0,618,110000.0,7,Personal,Salaried,1
175200.0,0.0,752,1850000.0,1,Business,Salaried,1
110600.0,37500.0,762,540000.0,7,Business,Salaried,1
66500.0,5300.0,735,100000.0,4,Personal,Salaried,1
157500.0,12700.0,720,1990000.0,4,Business,Salaried,1
62100.0,25500.0,631,3600000.0,16,Home,Salaried,0
135200.0,0.0,694,1240000.0,15,Education,Salaried,1
185800.0,76400.0,769,1140000.0,28,Home,Salaried,1
166200.0,69200.0,713,670000.0,11,Home,Self-Employed,1
110400.0,32000.0,641,5740000.0,5,Home,Salaried,0
23300.0,9700.0,716,1420000.0,1,Personal,Salaried,0
183600.0,11900.0,814,610000.0,9,Education,Self-Employed,1
103100.0,5400.0,854,850000.0,6,Personal,Unemployed,1
69300.0,31000.0,758,3170000.0,14,Home,Unemployed,0
129600.0,0.0,503,90000.0,11,Education,Self-Employed,0
180700.0,9500.0,850,5090000.0,25,Home,Salaried,1
40700.0,0.0,382,1670000.0,4,Business,Salaried,0
70100.0,0.0,639,7970000.0,29,Home,Self-Employed,0
116800.0,0.0,687,7100000.0,28,Home,Salaried,1
89800.0,23900.0,523,1400000.0,7,Education,Self-Employed,0
46700.0,0.0,676,4750000.0,12,Home,Salaried,0
79500.0,22700.0,742,5840000.0,16,Home,Self-Employed,0
37900.0,700.0,579,880000.0,7,Business,Salaried,0
24400.0,0.0,516,4170000.0,15,Home,Self-Employed,0
157900.0,78100.0,703,7540000.0,23,Home,Salaried,0
96900.0,0.0,883,790000.0,4,Personal,Salaried,1
109000.0,3200.0,703,480000.0,7,Personal,Salaried,1
127300.0,39500.0,796,3890000.0,28,Home,Salaried,0
188300.0,15300.0,713,1840000.0,23,Home,Self-Employed,1
29000.0,11300.0,648,6000000.0,7,Home,Self-Employed,0
28000.0,0.0,860,1880000.0,3,Business,Self-Employed,0
44100.0,23100.0,340,520000.0,1,Business,Salaried,0
192700.0,20900.0,540,60000.0,15,Education,Self-Employed,0
105700.0,0.0,721,730000.0,8,Business,Salaried,1
124800.0,41000.0,733,2490000.0,1,Business,Salaried,1
18900.0,0.0,798,470000.0,1,Personal,Self-Employed,0
42300.0,16800.0,735,1730000.0,8,Business,Unemployed,0
29500.0,6500.0,613,670000.0,11,Education,Unemployed,1
142600.0,45100.0,761,1870000.0,2,Business,Salaried,1
141500.0,0.0,371,930000.0,3,Personal,Salaried,0
127500.0,55800.0,790,1330000.0,6,Education,Unemployed,1
16500.0,1200.0,499,7990000.0,18,Home,Salaried,1
131900.0,15900.0,785,500000.0,11,Education,Salaried,1
74700.0,25500.0,508,320000.0,7,Personal,Salaried,0
161900.0,46800.0,817,1660000.0,6,Business,Unemployed,0
22500.0,7600.0,732,150000.0,10,Business,Unemployed,0
40100.0,0.0,699,820000.0,5,Education,Salaried,1
34000.0,0.0,805,2160000.0,5,Business,Salaried,0
81900.0,0.0,727,610000.0,6,Business,Self-Employed,1
95400.0,27600.0,656,7430000.0,28,Home,Unemployed,0
38900.0,0.0,534,1030000.0,5,Education,Self-Employed,0
146200.0,400.0,471,900000.0,1,Personal,Salaried,0
156000.0,0.0,776,970000.0,2,Personal,Salaried,1
112100.0,0.0,677,1680000.0,8,Home,Salaried,0
77900.0,6600.0,679,390000.0,1,Personal,Salaried,1
21500.0,11700.0,701,170000.0,9,Education,Salaried,0
70700.0,0.0,756,1650000.0,8,Business,Self-Employed,1
184900.0,50500.0,764,710000.0,2,Personal,Self-Employed,1
128000.0,0.0,762,5490000.0,30,Home,Self-Employed,1
17700.0,3700.0,650,1160000.0,12,Education,Salaried,0
146300.0,48800.0,684,710000.0,5,Personal,Salaried,1
195100.0,39900.0,447,6380000.0,18,Home,Salaried,0
56400.0,2600.0,443,760000.0,12,Education,Salaried,0
166500.0,95500.0,630,1230000.0,15,Education,Salaried,0
136100.0,66700.0,525,970000.0,3,Education,Salaried,0
66800.0,17900.0,812,2750000.0,30,Home,Salaried,0
188100.0,0.0,547,890000.0,12,Education,Unemployed,0
172300.0,93200.0,300,1720000.0,6,Business,Self-Employed,0
56200.0,0.0,687,610000.0,9,Education,Self-Employed,1
101300.0,23400.0,509,1660000.0,26,Home,Self-Employed,0
15000.0,0.0,711,1490000.0,1,Personal,Salaried,0
180000.0,100500.0,714,1330000.0,8,Business,Self-Employed,0
125700.0,63900.0,722,3580000.0,22,Home,Salaried,0
118800.0,0.0,719,1050000.0,2,Personal,Unemployed,0
26700.0,0.0,717,1130000.0,13,Education,Salaried,1
181900.0,1200.0,823,880000.0,8,Education,Self-Employed,1
18600.0,0.0,768,870000.0,3,Education,Salaried,1
135400.0,59900.0,719,1450000.0,7,Home,Salaried,1
127800.0,19700.0,742,1370000.0,14,Education,Salaried,1
45000.0,0.0,653,1630000.0,1,Business,Salaried,1
124000.0,0.0,488,640000.0,4,Personal,Unemployed,0
43400.0,21900.0,675,2480000.0,1,Business,Self-Employed,0
101500.0,0.0,358,2080000.0,7,Business,Salaried,0
93700.0,44800.0,687,4480000.0,6,Home,Salaried,0
93200.0,0.0,383,440000.0,4,Education,Unemployed,0
139000.0,56000.0,726,2070000.0,3,Business,Salaried,0
168400.0,9900.0,712,350000.0,3,Personal,Self-Employed,1
29300.0,0.0,798,1430000.0,6,Personal,Salaried,1
125700.0,57600.0,788,300000.0,1,Personal,Salaried,1
136200.0,37100.0,492,1050000.0,13,Education,Salaried,0
158800.0,5900.0,884,420000.0,7,Education,Salaried,1
186600.0,20000.0,642,1160000.0,2,Personal,Salaried,1
146500.0,6400.0,672,690000.0,4,Personal,Unemployed,0
136900.0,57500.0,443,790000.0,7,Personal,Unemployed,0
148800.0,0.0,665,1210000.0,8,Business,Salaried,1
68900.0,41200.0,697,1290000.0,8,Education,Salaried,0
66500.0,22100.0,465,970000.0,7,Business,Self-Employed,0
178400.0,20300.0,588,1490000.0,6,Education,Salaried,0
133000.0,77000.0,541,50000.0,3,Personal,Self-Employed,0
51800.0,16300.0,517,820000.0,6,Personal,Salaried,0
38600.0,10900.0,311,1060000.0,2,Personal,Salaried,1
166300.0,61000.0,315,1230000.0,1,Personal,Unemployed,0
50100.0,25100.0,704,1410000.0,26,Home,Salaried,0
193400.0,5300.0,611,2550000.0,29,Home,Salaried,1
94500.0,0.0,627,1280000.0,12,Education,Salaried,1
103500.0,11100.0,751,7150000.0,18,Home,Salaried,0
50800.0,15900.0,837,1870000.0,1,Business,Self-Employed,0
28500.0,0.0,707,1720000.0,4,Business,Self-Employed,0
174200.0,0.0,716,950000.0,2,Personal,Self-Employed,1
40100.0,0.0,424,1700000.0,6,Home,Salaried,0
93700.0,45300.0,600,1120000.0,11,Education,Salaried,0
33800.0,0.0,739,510000.0,2,Personal,Salaried,1
32700.0,4700.0,659,1340000.0,4,Education,Salaried,0
93900.0,34300.0,699,1430000.0,4,Business,Salaried,1
35900.0,1300.0,803,710000.0,5,Education,Salaried,1
125500.0,0.0,743,1770000.0,22,Home,Self-Employed,1
110100.0,0.0,717,710000.0,1,Personal,Salaried,1
93600.0,52100.0,528,7240000.0,18,Home,Salaried,0
149900.0,38300.0,790,1050000.0,1,Personal,Unemployed,0
153600.0,37500.0,696,2290000.0,7,Home,Salaried,0
98300.0,34400.0,415,250000.0,14,Education,Salaried,0
144300.0,54300.0,760,820000.0,7,Education,Self-Employed,1
127200.0,15800.0,745,540000.0,3,Education,Self-Employed,1
32900.0,12200.0,652,860000.0,4,Education,Self-Employed,0
75000.0,29200.0,775,7030000.0,27,Home,Salaried,0
180800.0,45900.0,698,3890000.0,21,Home,Salaried,1
112000.0,0.0,412,570000.0,6,Personal,Salaried,0
178200.0,41800.0,848,140000.0,2,Personal,Salaried,1
176500.0,66400.0,856,4560000.0,9,Home,Salaried,0
133200.0,5000.0,358,2850000.0,6,Business,Salaried,0
159900.0,63900.0,731,710000.0,12,Education,Self-Employed,1
60900.0,35500.0,603,560000.0,10,Education,Salaried,0
65600.0,0.0,473,5500000.0,9,Home,Self-Employed,0
71500.0,11200.0,733,80000.0,3,Personal,Salaried,1
113500.0,20500.0,401,4250000.0,9,Home,Salaried,0
194400.0,59200.0,682,1350000.0,15,Education,Salaried,1
149000.0,0.0,631,4090000.0,6,Home,Self-Employed,1
87500.0,0.0,624,110000.0,6,Personal,Salaried,1
156200.0,7800.0,469,7680000.0,21,Home,Self-Employed,0
125800.0,0.0,390,530000.0,7,Business,Salaried,0
76800.0,20500.0,663,1340000.0,14,Education,Salaried,1
163500.0,0.0,819,500000.0,10,Business,Salaried,1
101200.0,0.0,316,7700000.0,29,Home,Salaried,0
183900.0,61300.0,775,230000.0,2,Personal,Salaried,1
19900.0,0.0,375,860000.0,10,Education,Salaried,0
68400.0,26100.0,754,450000.0,2,Personal,Salaried,1
155800.0,90700.0,696,4100000.0,18,Home,Salaried,0
165800.0,72900.0,674,1790000.0,3,Business,Unemployed,0
21900.0,8400.0,312,2690000.0,25,Home,Salaried,0
46500.0,21000.0,810,6700000.0,26,Home,Self-Employed,0
141400.0,49200.0,303,800000.0,8,Education,Self-Employed,0
183200.0,17000.0,655,2700000.0,10,Business,Salaried,1
184200.0,14500.0,693,1050000.0,2,Personal,Salaried,1
69300.0,0.0,637,1060000.0,14,Education,Salaried,1
196400.0,89900.0,583,4130000.0,18,Home,Salaried,1
136000.0,38300.0,310,470000.0,1,Personal,Salaried,0
50600.0,0.0,694,160000.0,7,Personal,Unemployed,0
77400.0,23200.0,669,880000.0,4,Education,Unemployed,1
146600.0,0.0,775,40000.0,6,Personal,Salaried,1
172000.0,72000.0,756,1300000.0,16,Home,Unemployed,0
54800.0,32400.0,631,490000.0,6,Business,Salaried,0
104800.0,28700.0,759,1270000.0,2,Personal,Salaried,1
92500.0,0.0,500,1410000.0,8,Education,Unemployed,0
86500.0,35100.0,703,2120000.0,2,Business,Self-Employed,0
195300.0,69700.0,330,6790000.0,28,Home,Salaried,0
162600.0,0.0,755,1430000.0,10,Education,Self-Employed,1
32300.0,9600.0,639,1250000.0,6,Home,Self-Employed,0
194700.0,79300.0,745,380000.0,2,Business,Self-Employed,1
50000.0,14700.0,692,2590000.0,9,Business,Self-Employed,1
177500.0,47900.0,410,80000.0,2,Personal,Unemployed,0
42900.0,8000.0,778,870000.0,10,Education,Self-Employed,1
172600.0,40500.0,857,1890000.0,6,Business,Salaried,1
17300.0,8700.0,772,90000.0,13,Education,Salaried,0
198500.0,6700.0,668,490000.0,1,Personal,Salaried,1
33500.0,10800.0,753,650000.0,5,Personal,Self-Employed,1
100300.0,19000.0,688,190000.0,10,Education,Salaried,1
106500.0,0.0,744,3230000.0,18,Home,Salaried,1
112700.0,3200.0,400,360000.0,6,Personal,Self-Employed,0
63400.0,20200.0,693,140000.0,7,Personal,Salaried,1
113500.0,27400.0,714,1160000.0,5,Education,Salaried,1
52000.0,0.0,716,7530000.0,22,Home,Salaried,0
148600.0,17900.0,669,2260000.0,5,Business,Unemployed,0
168100.0,20500.0,794,1970000.0,5,Business,Salaried,1
33300.0,4900.0,416,4700000.0,18,Home,Salaried,0
63300.0,30000.0,731,980000.0,1,Personal,Salaried,0
22400.0,0.0,683,280000.0,7,Business,Self-Employed,1
169900.0,0.0,735,770000.0,1,Personal,Salaried,1
29000.0,13500.0,797,1120000.0,15,Education,Salaried,0
53000.0,6800.0,705,6970000.0,6,Home,Unemployed,0
33200.0,9500.0,678,1190000.0,5,Education,Self-Employed,0
16000.0,0.0,800,1010000.0,3,Education,Self-Employed,0
84300.0,35400.0,471,4510000.0,12,Home,Salaried,0
192600.0,0.0,375,2820000.0,4,Business,Salaried,0
130700.0,0.0,705,750000.0,7,Home,Unemployed,0
89600.0,0.0,811,2480000.0,3,Business,Salaried,1
125200.0,0.0,714,70000.0,1,Personal,Salaried,1
160700.0,38600.0,686,1120000.0,10,Home,Self-Employed,1
140900.0,0.0,718,6010000.0,13,Home,Self-Employed,1
49300.0,5400.0,536,1330000.0,6,Education,Self-Employed,1
133700.0,72700.0,349,1060000.0,2,Personal,Unemployed,1
40100.0,0.0,734,140000.0,9,Business,Self-Employed,1
104900.0,12800.0,503,870000.0,8,Business,Self-Employed,0
124800.0,0.0,757,1310000.0,7,Business,Self-Employed,1
61200.0,33300.0,758,700000.0,1,Personal,Salaried,0
86700.0,19900.0,740,160000.0,11,Education,Unemployed,1
100500.0,36600.0,788,1080000.0,15,Education,Unemployed,0
83600.0,0.0,638,1340000.0,3,Education,Salaried,1
104700.0,29400.0,764,680000.0,7,Education,Salaried,1
105900.0,0.0,696,660000.0,3,Personal,Unemployed,0
93900.0,41500.0,843,860000.0,13,Education,Salaried,1
39900.0,900.0,763,1370000.0,8,Business,Salaried,0
117400.0,7900.0,643,560000.0,6,Education,Unemployed,1
153000.0,0.0,754,2090000.0,5,Home,Self-Employed,1
26400.0,0.0,815,690000.0,26,Home,Salaried,1
123000.0,0.0,338,150000.0,7,Personal,Salaried,0
191600.0,700.0,464,2860000.0,6,Business,Salaried,0
21200.0,4100.0,614,7640000.0,17,Home,Salaried,0
193400.0,0.0,803,290000.0,15,Education,Salaried,1
104300.0,50500.0,759,1480000.0,26,Home,Salaried,0
104000.0,0.0,734,660000.0,15,Education,Salaried,1
93600.0,2300.0,716,380000.0,13,Education,Self-Employed,1
133700.0,37600.0,788,970000.0,3,Business,Salaried,1
110300.0,3200.0,601,210000.0,9,Education,Self-Employed,1
118900.0,18200.0,723,430000.0,8,Business,Self-Employed,1
20500.0,8700.0,768,6180000.0,19,Home,Self-Employed,0
184600.0,0.0,618,1470000.0,7,Education,Salaried,1
15400.0,100.0,715,630000.0,6,Personal,Salaried,1
164900.0,68300.0,468,2430000.0,2,Business,Salaried,0
165400.0,18700.0,719,240000.0,2,Personal,Salaried,1
156700.0,39700.0,821,6040000.0,19,Home,Salaried,0
96500.0,17100.0,397,1070000.0,2,Business,Salaried,0
171500.0,0.0,732,940000.0,8,Business,Unemployed,0
23400.0,8100.0,676,1980000.0,8,Business,Salaried,0
94000.0,41000.0,711,790000.0,12,Education,Salaried,1
172400.0,0.0,814,1100000.0,9,Education,Unemployed,1
162400.0,0.0,679,1140000.0,13,Education,Self-Employed,1
125900.0,31400.0,375,2070000.0,6,Home,Salaried,0
79100.0,39300.0,307,140000.0,9,Education,Self-Employed,0
54100.0,11000.0,602,7080000.0,13,Home,Salaried,0
186200.0,51100.0,327,190000.0,5,Personal,Self-Employed,0
19900.0,7500.0,527,260000.0,3,Personal,Self-Employed,0
30700.0,6200.0,802,1370000.0,7,Business,Self-Employed,0
164100.0,49700.0,698,1140000.0,3,Personal,Salaried,1
153700.0,21000.0,403,3570000.0,19,Home,Salaried,0
95200.0,0.0,725,150000.0,8,Education,Unemployed,1
85900.0,47500.0,736,7830000.0,27,Home,Salaried,0
178500.0,0.0,480,500000.0,8,Education,Salaried,1
126800.0,30700.0,815,960000.0,12,Education,Unemployed,1
158900.0,18800.0,596,540000.0,14,Education,Self-Employed,0
113700.0,34900.0,692,5270000.0,5,Home,Salaried,1
157500.0,0.0,327,140000.0,8,Education,Salaried,0
154200.0,0.0,735,60000.0,8,Education,Salaried,1
65500.0,0.0,756,5860000.0,21,Home,Salaried,0
121500.0,0.0,626,1080000.0,7,Personal,Salaried,1
179000.0,47900.0,727,890000.0,5,Personal,Salaried,1
131700.0,0.0,842,1110000.0,9,Education,Salaried,1
103100.0,59900.0,727,5710000.0,19,Home,Salaried,0
81400.0,0.0,705,1410000.0,23,Home,Unemployed,0
69300.0,12200.0,642,6380000.0,18,Home,Salaried,1
52500.0,0.0,635,560000.0,3,Education,Self-Employed,1
181300.0,0.0,767,930000.0,15,Education,Salaried,1
137400.0,60000.0,746,1910000.0,7,Business,Self-Employed,0
20600.0,5500.0,622,580000.0,1,Business,Salaried,1
35300.0,4100.0,736,130000.0,12,Education,Salaried,1
15500.0,4900.0,368,700000.0,10,Business,Salaried,0
20500.0,0.0,711,650000.0,11,Education,Salaried,1
196200.0,33600.0,779,270000.0,9,Education,Salaried,1
73200.0,2600.0,687,640000.0,3,Personal,Self-Employed,1
57000.0,8100.0,723,1430000.0,3,Personal,Salaried,1
24300.0,9200.0,304,1710000.0,10,Business,Salaried,0
134500.0,45900.0,801,4250000.0,30,Home,Self-Employed,0
43600.0,24900.0,438,110000.0,10,Education,Salaried,0
43500.0,24100.0,672,1040000.0,8,Education,Self-Employed,0
107900.0,47900.0,683,3460000.0,8,Home,Salaried,0
51600.0,24800.0,536,970000.0,15,Education,Self-Employed,0
196800.0,54300.0,580,1050000.0,13,Education,Salaried,0
13800.0,4600.0,720,1240000.0,2,Business,Salaried,0
179800.0,0.0,635,1460000.0,4,Personal,Salaried,1
169800.0,0.0,331,590000.0,6,Education,Salaried,0
154600.0,65800.0,792,5190000.0,30,Home,Self-Employed,0
193900.0,57300.0,742,550000.0,25,Home,Unemployed,0
104900.0,41500.0,758,870000.0,4,Education,Salaried,1
187500.0,0.0,482,430000.0,7,Personal,Salaried,0
178000.0,45600.0,751,1290000.0,8,Education,Self-Employed,1
139900.0,30300.0,814,750000.0,5,Business,Salaried,1
85700.0,45300.0,547,750000.0,7,Business,Salaried,0
73900.0,27700.0,710,680000.0,30,Home,Salaried,1
58500.0,33700.0,505,800000.0,6,Education,Self-Employed,0
129600.0,6700.0,594,1010000.0,2,Business,Self-Employed,0
95100.0,35700.0,757,850000.0,3,Personal,Unemployed,0
153400.0,55200.0,575,1210000.0,7,Business,Salaried,0
188300.0,0.0,689,310000.0,1,Personal,Salaried,0
170100.0,0.0,724,550000.0,4,Personal,Salaried,1
37900.0,2900.0,724,1990000.0,6,Business,Salaried,0
70000.0,15500.0,738,5590000.0,6,Home,Salaried,0
48700.0,26500.0,692,1010000.0,6,Personal,Salaried,0
74300.0,42900.0,707,570000.0,8,Business,Salaried,0
185000.0,76900.0,662,740000.0,7,Personal,Salaried,1
82700.0,41000.0,574,570000.0,11,Education,Self-Employed,0
130700.0,0.0,860,340000.0,7,Education,Salaried,1
75900.0,8100.0,800,1370000.0,3,Education,Self-Employed,1
160000.0,89900.0,669,6570000.0,26,Home,Salaried,0
24300.0,13500.0,656,1200000.0,6,Business,Self-Employed,0
58000.0,21400.0,728,2390000.0,6,Business,Unemployed,0
172100.0,0.0,352,170000.0,10,Education,Self-Employed,0
85000.0,0.0,699,790000.0,2,Personal,Salaried,1
102900.0,0.0,737,980000.0,15,Education,Salaried,1
180200.0,25300.0,709,580000.0,2,Personal,Salaried,1
27900.0,0.0,725,380000.0,3,Education,Salaried,1
99900.0,48200.0,700,310000.0,6,Education,Salaried,1
27500.0,0.0,750,1190000.0,2,Personal,Salaried,1
114700.0,46500.0,773,1160000.0,7,Personal,Salaried,1
153400.0,0.0,302,2750000.0,16,Home,Unemployed,0
166500.0,0.0,752,2970000.0,3,Business,Unemployed,0
152800.0,47300.0,776,5920000.0,19,Home,Salaried,0
47300.0,0.0,661,690000.0,5,Personal,Salaried,0
36100.0,0.0,790,6760000.0,15,Home,Salaried,0
87800.0,0.0,689,170000.0,1,Business,Self-Employed,1
198900.0,95400.0,443,3430000.0,17,Home,Unemployed,0
84600.0,16700.0,459,980000.0,3,Business,Salaried,0
141500.0,15900.0,851,2630000.0,12,Home,Salaried,1
81300.0,15900.0,397,1480000.0,2,Personal,Salaried,0
85100.0,0.0,809,1000000.0,8,Business,Self-Employed,1
106500.0,17600.0,642,140000.0,9,Education,Salaried,1
183100.0,0.0,736,6030000.0,14,Home,Salaried,1
170400.0,0.0,794,2560000.0,7,Business,Salaried,1
183200.0,62500.0,841,800000.0,3,Business,Salaried,1
24500.0,0.0,527,650000.0,15,Education,Self-Employed,0
31800.0,0.0,713,420000.0,11,Education,Salaried,0
142600.0,0.0,773,1290000.0,4,Personal,Salaried,0
184400.0,82800.0,613,850000.0,6,Education,Salaried,1
166200.0,0.0,582,390000.0,5,Business,Salaried,0
138200.0,22700.0,652,2170000.0,9,Business,Salaried,1
164600.0,70800.0,397,480000.0,1,Personal,Self-Employed,0
156200.0,0.0,669,160000.0,4,Personal,Self-Employed,0
48100.0,6400.0,499,1250000.0,2,Personal,Salaried,0
32200.0,10900.0,661,830000.0,4,Personal,Salaried,0
72800.0,28600.0,662,2150000.0,26,Home,Salaried,0
178500.0,82200.0,875,1080000.0,15,Education,Salaried,1
29800.0,11300.0,831,6290000.0,9,Home,Salaried,0
137300.0,1500.0,412,790000.0,14,Education,Unemployed,0
127900.0,0.0,771,1140000.0,5,Personal,Salaried,1
67800.0,8300.0,830,4990000.0,19,Home,Salaried,0
71700.0,0.0,785,650000.0,7,Education,Salaried,1
74300.0,24000.0,466,2360000.0,26,Home,Self-Employed,0
83700.0,22200.0,809,1020000.0,11,Home,Self-Employed,1
35600.0,11700.0,660,4310000.0,18,Home,Unemployed,0
49100.0,17800.0,736,1450000.0,6,Education,Salaried,0
194800.0,19600.0,723,2230000.0,3,Business,Salaried,1
83700.0,0.0,829,1830000.0,3,Business,Salaried,1
99200.0,22300.0,615,1520000.0,20,Home,Salaried,1
174000.0,0.0,705,3620000.0,17,Home,Salaried,1
69900.0,0.0,814,1490000.0,4,Education,Salaried,1
94000.0,51500.0,724,4160000.0,27,Home,Salaried,0
186200.0,0.0,595,1230000.0,6,Personal,Self-Employed,0
133300.0,36400.0,673,920000.0,6,Personal,Self-Employed,1
29400.0,0.0,763,1460000.0,1,Personal,Salaried,1
43200.0,17900.0,728,7150000.0,23,Home,Self-Employed,0
185800.0,0.0,735,2410000.0,3,Business,Self-Employed,1
86800.0,51400.0,300,1020000.0,27,Home,Unemployed,0
149800.0,33700.0,658,630000.0,2,Business,Self-Employed,1
23100.0,10500.0,821,3570000.0,25,Home,Salaried,0
43200.0,9800.0,692,890000.0,4,Personal,Self-Employed,1
62000.0,0.0,784,90000.0,2,Personal,Salaried,1
109800.0,0.0,720,1140000.0,5,Personal,Salaried,1
76500.0,11000.0,703,940000.0,8,Education,Self-Employed,1
175700.0,88100.0,306,210000.0,5,Personal,Salaried,0
128300.0,36600.0,655,7900000.0,15,Home,Salaried,1
194300.0,0.0,667,750000.0,14,Education,Self-Employed,1
188500.0,0.0,753,1060000.0,1,Personal,Salaried,1
145800.0,0.0,496,1090000.0,3,Education,Self-Employed,0
138500.0,72700.0,712,200000.0,6,Personal,Salaried,1
153600.0,8200.0,766,1700000.0,15,Home,Salaried,1
60400.0,32500.0,639,830000.0,14,Education,Salaried,0
187200.0,0.0,750,600000.0,14,Education,Self-Employed,1
159600.0,0.0,667,850000.0,5,Business,Self-Employed,1
123300.0,69700.0,637,490000.0,4,Personal,Salaried,0
122900.0,28600.0,779,1200000.0,7,Personal,Salaried,1
13700.0,0.0,792,2730000.0,12,Home,Salaried,0
65300.0,0.0,506,200000.0,6,Business,Salaried,0
171400.0,64900.0,681,1450000.0,1,Personal,Salaried,1
146800.0,0.0,356,1120000.0,15,Education,Salaried,0
68200.0,0.0,339,160000.0,7,Business,Self-Employed,0
154500.0,48900.0,761,670000.0,9,Business,Unemployed,0
160800.0,0.0,835,2780000.0,25,Home,Salaried,1
102700.0,0.0,788,1970000.0,25,Home,Salaried,0
197800.0,112800.0,800,1390000.0,1,Personal,Self-Employed,0
21900.0,0.0,739,2910000.0,7,Business,Salaried,0
103900.0,59500.0,699,1050000.0,7,Personal,Salaried,0
174600.0,28800.0,697,210000.0,1,Personal,Self-Employed,1
119700.0,19700.0,786,1860000.0,20,Home,Salaried,1
35500.0,15200.0,434,1280000.0,1,Business,Salaried,0
169400.0,83200.0,775,700000.0,2,Business,Salaried,1
96100.0,2300.0,752,1160000.0,13,Home,Salaried,1
35400.0,20500.0,862,1000000.0,2,Personal,Salaried,0
95600.0,39900.0,870,560000.0,11,Education,Self-Employed,1
20400.0,1700.0,353,230000.0,5,Personal,Self-Employed,0
149100.0,49200.0,751,290000.0,10,Education,Salaried,1
188800.0,23100.0,676,970000.0,13,Education,Self-Employed,1
133800.0,13200.0,379,1190000.0,9,Education,Salaried,1
35400.0,11600.0,749,3220000.0,15,Home,Salaried,0
54400.0,12300.0,394,1290000.0,8,Home,Self-Employed,0
163700.0,34300.0,679,440000.0,4,Education,Salaried,1
153400.0,74200.0,784,4640000.0,17,Home,Salaried,0
141100.0,0.0,642,4760000.0,13,Home,Salaried,1
58800.0,24900.0,870,1210000.0,11,Education,Self-Employed,0
147100.0,0.0,748,350000.0,5,Business,Salaried,1
131300.0,18900.0,736,170000.0,7,Education,Self-Employed,1
14000.0,0.0,834,500000.0,8,Business,Self-Employed,0
127900.0,0.0,765,1060000.0,6,Personal,Salaried,1
193400.0,102300.0,665,140000.0,7,Personal,Self-Employed,1
91500.0,20500.0,826,410000.0,11,Education,Unemployed,1
102800.0,100.0,703,1390000.0,6,Personal,Salaried,1
179800.0,0.0,568,710000.0,3,Personal,Unemployed,0
147800.0,800.0,658,810000.0,2,Personal,Salaried,1
156700.0,44300.0,697,2690000.0,9,Business,Salaried,1
135400.0,11400.0,568,1330000.0,6,Personal,Unemployed,0
37100.0,7400.0,754,7610000.0,26,Home,Salaried,0
115400.0,0.0,689,1150000.0,4,Personal,Salaried,1
192000.0,0.0,693,140000.0,4,Business,Salaried,1
124300.0,35800.0,620,670000.0,12,Education,Salaried,1
156100.0,0.0,361,6650000.0,11,Home,Salaried,0
106400.0,63400.0,748,370000.0,2,Personal,Self-Employed,0
186700.0,69100.0,605,640000.0,7,Education,Unemployed,1
92100.0,23600.0,630,3230000.0,16,Home,Salaried,0
20900.0,700.0,662,4040000.0,24,Home,Salaried,0
104400.0,7000.0,758,6280000.0,9,Home,Salaried,0
122700.0,17500.0,738,180000.0,4,Education,Self-Employed,1
194000.0,0.0,348,690000.0,1,Personal,Salaried,0
101100.0,0.0,645,240000.0,9,Education,Salaried,1
154800.0,0.0,693,580000.0,13,Education,Self-Employed,1
90800.0,0.0,586,1840000.0,3,Business,Salaried,0
142400.0,0.0,759,1310000.0,1,Personal,Self-Employed,1
85400.0,10600.0,735,1820000.0,1,Business,Salaried,1
147500.0,75400.0,676,450000.0,4,Business,Salaried,0
132200.0,0.0,638,7050000.0,6,Home,Salaried,1
51500.0,20000.0,858,2930000.0,27,Home,Unemployed,0
88800.0,17300.0,792,1240000.0,6,Education,Self-Employed,1
194700.0,114300.0,782,200000.0,14,Education,Salaried,0
131200.0,64300.0,676,890000.0,15,Education,Self-Employed,0
55600.0,0.0,821,370000.0,3,Business,Salaried,1
104200.0,0.0,585,1720000.0,10,Home,Salaried,0
25500.0,13900.0,325,4450000.0,28,Home,Salaried,0
83000.0,41200.0,750,90000.0,2,Personal,Self-Employed,1
129900.0,75300.0,326,1120000.0,8,Education,Salaried,0
102300.0,27300.0,690,260000.0,1,Personal,Salaried,1
35100.0,0.0,682,790000.0,9,Education,Self-Employed,1
92300.0,36300.0,812,3390000.0,27,Home,Salaried,0
198300.0,113800.0,617,520000.0,3,Personal,Salaried,0
125600.0,40000.0,757,250000.0,6,Personal,Self-Employed,1
31500.0,0.0,834,1230000.0,14,Education,Salaried,1
195900.0,0.0,643,690000.0,7,Personal,Self-Employed,1
33300.0,14500.0,688,470000.0,7,Business,Self-Employed,0
142400.0,67800.0,788,2000000.0,4,Business,Salaried,0
104600.0,14400.0,765,1630000.0,4,Business,Salaried,1
50200.0,0.0,717,1500000.0,8,Home,Salaried,1
171700.0,0.0,715,1260000.0,11,Education,Salaried,1
167600.0,13900.0,475,1190000.0,1,Business,Salaried,0
143900.0,6400.0,517,190000.0,6,Business,Salaried,0
119000.0,0.0,654,6080000.0,28,Home,Salaried,1
147800.0,57200.0,631,140000.0,13,Education,Salaried,0
14000.0,0.0,811,4660000.0,13,Home,Salaried,0
91700.0,53500.0,862,230000.0,6,Education,Self-Employed,0
46500.0,0.0,800,1230000.0,4,Personal,Salaried,1
43000.0,0.0,657,410000.0,2,Business,Self-Employed,1
65100.0,2600.0,776,500000.0,11,Education,Salaried,1
28000.0,800.0,420,100000.0,1,Personal,Salaried,0
153300.0,0.0,686,600000.0,3,Personal,Unemployed,0
180500.0,54400.0,587,1200000.0,4,Personal,Salaried,0
40500.0,21500.0,766,1330000.0,7,Personal,Salaried,0
42300.0,0.0,769,5390000.0,29,Home,Self-Employed,0
79700.0,0.0,817,6310000.0,17,Home,Salaried,0
118600.0,0.0,579,1160000.0,3,Personal,Unemployed,0
97500.0,17300.0,736,550000.0,1,Personal,Salaried,1
101000.0,53100.0,641,460000.0,10,Business,Salaried,0
87400.0,0.0,332,580000.0,12,Education,Self-Employed,0
89700.0,47200.0,310,1470000.0,3,Education,Salaried,0
117400.0,7400.0,735,6900000.0,12,Home,Self-Employed,0
77600.0,24900.0,327,620000.0,2,Business,Self-Employed,0
49500.0,9400.0,421,2140000.0,8,Business,Self-Employed,0
41300.0,15900.0,593,1840000.0,7,Business,Salaried,0
196000.0,24900.0,776,660000.0,7,Education,Self-Employed,1
63500.0,33300.0,708,340000.0,3,Personal,Salaried,0
181500.0,82000.0,694,650000.0,4,Personal,Salaried,1
94100.0,0.0,794,4710000.0,24,Home,Unemployed,0
197400.0,0.0,771,2870000.0,9,Home,Salaried,1
71500.0,0.0,675,5920000.0,19,Home,Salaried,0
132100.0,2900.0,655,5720000.0,29,Home,Self-Employed,1
51400.0,21000.0,392,1160000.0,5,Business,Salaried,0
134000.0,33000.0,730,800000.0,7,Personal,Self-Employed,1
82100.0,8000.0,680,5450000.0,26,Home,Salaried,0
188300.0,0.0,622,1260000.0,4,Education,Self-Employed,1
153000.0,50000.0,723,2440000.0,5,Business,Salaried,1
97500.0,11400.0,636,7760000.0,19,Home,Salaried,0
82400.0,14000.0,366,2530000.0,7,Business,Salaried,0
89900.0,8300.0,792,1240000.0,5,Personal,Unemployed,0
198700.0,116100.0,750,6710000.0,30,Home,Unemployed,0
131600.0,0.0,822,1600000.0,7,Business,Salaried,1
130700.0,0.0,456,2450000.0,22,Home,Salaried,0
29500.0,11100.0,590,1080000.0,4,Education,Salaried,0
36500.0,13800.0,669,1350000.0,3,Personal,Self-Employed,0
163700.0,25600.0,620,1580000.0,5,Home,Self-Employed,1
186300.0,15900.0,653,140000.0,7,Personal,Salaried,1
104300.0,4600.0,319,5660000.0,17,Home,Salaried,0
45800.0,4900.0,742,190000.0,6,Business,Self-Employed,1
124800.0,39100.0,635,1860000.0,9,Business,Unemployed,1
80600.0,0.0,640,1130000.0,27,Home,Salaried,1
49500.0,21000.0,716,1220000.0,9,Education,Salaried,0
59000.0,29900.0,850,400000.0,10,Business,Unemployed,0
103700.0,0.0,773,6620000.0,24,Home,Unemployed,0
118600.0,45000.0,649,200000.0,9,Business,Salaried,1
167400.0,96900.0,592,620000.0,6,Business,Salaried,0
25700.0,5700.0,635,2890000.0,5,Home,Salaried,0
161500.0,0.0,701,5010000.0,21,Home,Salaried,1
189900.0,0.0,736,990000.0,13,Education,Self-Employed,1
49300.0,14600.0,677,220000.0,10,Education,Self-Employed,1
56400.0,600.0,736,60000.0,10,Education,Salaried,1
112300.0,22700.0,717,2510000.0,7,Business,Salaried,1
77000.0,35800.0,602,480000.0,10,Education,Salaried,1
188300.0,25300.0,334,1490000.0,7,Personal,Self-Employed,0
28500.0,0.0,504,1660000.0,1,Business,Salaried,0
159600.0,90700.0,689,930000.0,7,Personal,Salaried,0
121700.0,23300.0,738,6880000.0,18,Home,Unemployed,0
57200.0,16800.0,780,740000.0,1,Personal,Salaried,1
78400.0,0.0,750,1290000.0,14,Education,Self-Employed,1
14500.0,7100.0,628,710000.0,10,Business,Salaried,0
70600.0,6500.0,826,370000.0,8,Education,Self-Employed,1
108500.0,0.0,678,580000.0,5,Business,Self-Employed,1
176700.0,0.0,818,300000.0,1,Personal,Salaried,1
34200.0,7300.0,703,1350000.0,6,Business,Salaried,0
21200.0,11800.0,656,310000.0,7,Education,Salaried,0
32500.0,4900.0,632,2700000.0,10,Business,Salaried,0
63800.0,0.0,705,610000.0,2,Personal,Salaried,1
44200.0,16900.0,680,50000.0,5,Education,Salaried,1
172300.0,17600.0,649,1060000.0,8,Business,Self-Employed,1
92400.0,54000.0,342,1150000.0,1,Personal,Self-Employed,0
103800.0,6800.0,441,2970000.0,4,Business,Salaried,0
157700.0,76100.0,720,3130000.0,22,Home,Self-Employed,0
98200.0,0.0,690,1600000.0,10,Business,Salaried,1
148900.0,87400.0,464,260000.0,10,Education,Self-Employed,1
151900.0,87000.0,853,2640000.0,9,Business,Salaried,0
176700.0,96500.0,690,1810000.0,5,Business,Unemployed,0
143900.0,0.0,786,860000.0,7,Personal,Salaried,1
13600.0,0.0,758,810000.0,7,Education,Salaried,0
66200.0,0.0,599,2620000.0,23,Home,Salaried,0
92900.0,0.0,694,920000.0,9,Business,Salaried,1
146100.0,64300.0,828,2680000.0,6,Home,Unemployed,0
139600.0,33400.0,523,1380000.0,12,Education,Salaried,0
72600.0,29800.0,639,1710000.0,5,Business,Self-Employed,0
130100.0,29300.0,409,250000.0,10,Education,Salaried,0
92400.0,22700.0,733,1440000.0,9,Education,Salaried,1
68800.0,21100.0,730,4740000.0,14,Home,Self-Employed,0
138000.0,63200.0,799,350000.0,5,Business,Salaried,1
30300.0,8800.0,610,1120000.0,6,Personal,Salaried,0
109100.0,63300.0,818,970000.0,2,Personal,Self-Employed,0
188100.0,0.0,659,150000.0,5,Education,Self-Employed,1
58500.0,900.0,702,1390000.0,3,Personal,Salaried,1
170200.0,83900.0,805,5130000.0,18,Home,Self-Employed,0
165900.0,17000.0,731,730000.0,3,Personal,Salaried,1
104700.0,24600.0,629,640000.0,4,Personal,Unemployed,0
118100.0,21500.0,817,950000.0,3,Education,Salaried,1
100000.0,0.0,866,570000.0,11,Education,Unemployed,1
44800.0,17600.0,715,2590000.0,3,Business,Salaried,0
24800.0,0.0,851,930000.0,5,Education,Unemployed,1
72900.0,0.0,744,640000.0,3,Education,Salaried,0
137100.0,55900.0,667,6290000.0,28,Home,Salaried,0
44700.0,0.0,708,120000.0,5,Personal,Self-Employed,1
25700.0,0.0,799,1390000.0,3,Personal,Self-Employed,1
197900.0,23700.0,711,930000.0,4,Business,Salaried,1
164000.0,57300.0,755,690000.0,3,Business,Self-Employed,1
118800.0,0.0,758,1440000.0,14,Education,Self-Employed,1
51000.0,0.0,695,2710000.0,3,Business,Salaried,1
82700.0,3900.0,683,440000.0,4,Business,Salaried,1
166400.0,82700.0,695,1320000.0,5,Education,Salaried,0
57400.0,21100.0,744,830000.0,1,Personal,Salaried,1
18100.0,2200.0,314,350000.0,14,Education,Self-Employed,0
25700.0,0.0,475,1160000.0,1,Personal,Salaried,0
124500.0,6000.0,841,430000.0,1,Personal,Unemployed,0
134300.0,24400.0,542,160000.0,1,Business,Salaried,1
173700.0,76900.0,605,6240000.0,27,Home,Salaried,0
33700.0,12400.0,387,1100000.0,1,Business,Salaried,0
54700.0,0.0,498,870000.0,7,Personal,Salaried,1
26400.0,2900.0,694,5410000.0,12,Home,Self-Employed,0
102000.0,4700.0,730,4210000.0,28,Home,Self-Employed,1
68900.0,22800.0,361,7200000.0,15,Home,Salaried,0
181300.0,0.0,679,330000.0,2,Personal,Salaried,1
116000.0,50500.0,596,2260000.0,19,Home,Salaried,0
16000.0,0.0,738,970000.0,2,Business,Unemployed,0
174200.0,4600.0,654,1350000.0,1,Business,Salaried,1
77400.0,28300.0,530,1360000.0,7,Personal,Salaried,0
76100.0,0.0,709,5970000.0,28,Home,Self-Employed,0
191100.0,0.0,876,820000.0,4,Personal,Salaried,1
83700.0,0.0,332,70000.0,15,Education,Salaried,0
59000.0,11900.0,744,570000.0,13,Education,Salaried,1
118900.0,18900.0,715,680000.0,4,Personal,Salaried,0
170700.0,6000.0,369,930000.0,8,Education,Salaried,0
156000.0,81300.0,747,530000.0,10,Business,Salaried,0
19200.0,9900.0,599,5880000.0,6,Home,Salaried,0
15000.0,0.0,435,110000.0,6,Education,Unemployed,0
33300.0,4100.0,796,1030000.0,1,Personal,Salaried,1
73400.0,0.0,705,1000000.0,10,Education,Salaried,1
42100.0,23500.0,306,930000.0,15,Education,Self-Employed,0
83200.0,32800.0,777,990000.0,4,Education,Unemployed,1
199600.0,87900.0,634,7090000.0,30,Home,Salaried,0
109800.0,12800.0,825,1050000.0,6,Business,Self-Employed,1
33700.0,14800.0,390,560000.0,11,Education,Self-Employed,0
125800.0,31600.0,795,230000.0,11,Education,Self-Employed,1
137200.0,65500.0,633,1280000.0,9,Business,Self-Employed,0
157300.0,0.0,303,450000.0,5,Business,Self-Employed,0
35800.0,9300.0,874,480000.0,9,Business,Self-Employed,1
87600.0,37400.0,819,2710000.0,10,Business,Salaried,0
20500.0,0.0,713,630000.0,4,Personal,Unemployed,0
101700.0,11200.0,827,2820000.0,2,Business,Salaried,1
81500.0,18600.0,724,890000.0,7,Personal,Salaried,1
21100.0,6600.0,832,460000.0,9,Education,Salaried,1
19900.0,0.0,482,3730000.0,13,Home,Unemployed,0
65500.0,10800.0,815,470000.0,7,Education,Salaried,1
137300.0,17000.0,488,70000.0,1,Personal,Unemployed,0
168500.0,20500.0,442,5990000.0,21,Home,Salaried,0
32600.0,0.0,411,1350000.0,5,Business,Salaried,0
149500.0,31700.0,785,5960000.0,15,Home,Unemployed,0
130600.0,60900.0,686,1390000.0,9,Education,Salaried,0
116900.0,0.0,843,960000.0,6,Education,Salaried,1
53400.0,15100.0,655,1540000.0,3,Business,Self-Employed,0
173100.0,0.0,613,850000.0,2,Personal,Unemployed,0
61500.0,21500.0,719,1000000.0,2,Personal,Salaried,1
137600.0,52000.0,730,2720000.0,12,Home,Self-Employed,0
96100.0,24500.0,847,1010000.0,8,Education,Salaried,1
102900.0,0.0,706,2260000.0,14,Home,Self-Employed,1
159200.0,73700.0,687,3440000.0,19,Home,Self-Employed,0
62400.0,0.0,793,500000.0,9,Education,Unemployed,1
158600.0,92100.0,637,4550000.0,28,Home,Salaried,1
144500.0,0.0,732,2000000.0,9,Business,Salaried,1
169600.0,73000.0,647,3300000.0,18,Home,Unemployed,0
18800.0,10600.0,703,4140000.0,10,Home,Unemployed,0
157200.0,25700.0,783,990000.0,2,Personal,Salaried,1
26400.0,11100.0,584,1130000.0,11,Education,Self-Employed,0
122600.0,61200.0,496,3690000.0,28,Home,Salaried,1
30700.0,0.0,699,670000.0,6,Education,Salaried,1
182600.0,26800.0,721,620000.0,8,Education,Salaried,1
120600.0,55800.0,718,190000.0,3,Personal,Salaried,1
43800.0,0.0,671,240000.0,5,Personal,Salaried,1
104800.0,46600.0,309,5670000.0,24,Home,Salaried,0
51300.0,15000.0,849,380000.0,4,Personal,Salaried,1
92000.0,7000.0,726,210000.0,2,Personal,Unemployed,0
91700.0,44200.0,774,830000.0,4,Personal,Salaried,1
67300.0,0.0,726,930000.0,3,Personal,Salaried,1
110400.0,40700.0,725,2380000.0,19,Home,Salaried,0
147400.0,0.0,726,1250000.0,3,Education,Unemployed,1
24600.0,0.0,655,5710000.0,22,Home,Salaried,0
100100.0,21000.0,665,950000.0,2,Personal,Salaried,1
69500.0,16800.0,729,2010000.0,2,Business,Salaried,1
64600.0,4000.0,738,1160000.0,3,Personal,Self-Employed,1
150600.0,82200.0,562,390000.0,6,Education,Unemployed,0
101400.0,4700.0,334,6550000.0,18,Home,Salaried,0
154900.0,36500.0,763,560000.0,11,Education,Salaried,1
170300.0,0.0,508,1080000.0,7,Personal,Self-Employed,0
160300.0,53700.0,693,170000.0,6,Business,Salaried,1
52200.0,31300.0,395,310000.0,14,Education,Self-Employed,0
110900.0,20700.0,698,2400000.0,5,Home,Salaried,1
132600.0,79200.0,677,110000.0,5,Personal,Self-Employed,0
130900.0,37200.0,487,2440000.0,1,Business,Unemployed,0
45300.0,0.0,797,1400000.0,19,Home,Self-Employed,1
173300.0,88700.0,771,520000.0,6,Personal,Salaried,1
43800.0,0.0,697,70000.0,13,Education,Self-Employed,1
167100.0,73100.0,712,440000.0,2,Personal,Salaried,1
152400.0,0.0,677,1120000.0,6,Business,Salaried,1
99000.0,5400.0,655,900000.0,1,Personal,Salaried,1
82400.0,35800.0,798,970000.0,7,Personal,Salaried,0
83300.0,13900.0,706,6760000.0,13,Home,Salaried,0
60800.0,3400.0,697,6290000.0,21,Home,Unemployed,0
168900.0,54500.0,763,3100000.0,30,Home,Salaried,1
143500.0,71500.0,623,1170000.0,7,Education,Salaried,0
33700.0,3800.0,738,590000.0,9,Education,Salaried,1
31700.0,17100.0,718,520000.0,1,Personal,Salaried,0
99800.0,1300.0,414,890000.0,9,Education,Salaried,0
59500.0,12100.0,683,2920000.0,4,Business,Self-Employed,0
157500.0,0.0,591,780000.0,3,Personal,Salaried,0
118800.0,47300.0,606,1180000.0,30,Home,Unemployed,0
43100.0,3800.0,375,170000.0,6,Education,Salaried,0
58000.0,29400.0,718,1100000.0,8,Business,Salaried,0
183600.0,91600.0,777,380000.0,3,Business,Self-Employed,1
73500.0,29800.0,449,4510000.0,16,Home,Salaried,0
126400.0,0.0,692,1240000.0,5,Personal,Salaried,1
133400.0,15000.0,710,1080000.0,3,Business,Unemployed,0
139000.0,21800.0,344,630000.0,11,Education,Salaried,0
77100.0,0.0,705,2440000.0,3,Business,Self-Employed,1
14200.0,5700.0,606,1330000.0,2,Business,Self-Employed,0
158800.0,0.0,542,420000.0,3,Business,Salaried,0
27000.0,15400.0,673,1590000.0,10,Business,Self-Employed,0
99400.0,51800.0,604,1840000.0,6,Business,Salaried,0
156200.0,25000.0,707,700000.0,7,Education,Self-Employed,1
18900.0,0.0,620,170000.0,6,Personal,Salaried,1
63600.0,0.0,670,2490000.0,9,Business,Salaried,1
82100.0,48100.0,813,590000.0,6,Personal,Salaried,0
16200.0,0.0,752,1330000.0,9,Education,Salaried,0
199000.0,64400.0,761,870000.0,23,Home,Salaried,1
141500.0,42600.0,704,630000.0,5,Business,Salaried,1
159000.0,26200.0,785,1940000.0,2,Business,Salaried,1
53600.0,23400.0,715,650000.0,5,Personal,Self-Employed,0
116800.0,22400.0,337,2580000.0,8,Business,Salaried,0
60100.0,30700.0,457,4710000.0,16,Home,Self-Employed,0
153200.0,43000.0,738,960000.0,12,Education,Salaried,1
65400.0,0.0,393,820000.0,4,Personal,Self-Employed,0
53000.0,0.0,653,260000.0,7,Personal,Salaried,1
78200.0,42200.0,779,1930000.0,6,Business,Salaried,0
87900.0,0.0,831,560000.0,3,Business,Salaried,1
74800.0,7700.0,395,990000.0,4,Personal,Salaried,0
38100.0,22800.0,770,1420000.0,3,Personal,Self-Employed,0
100700.0,22400.0,814,5410000.0,22,Home,Salaried,0
42300.0,22200.0,837,7410000.0,15,Home,Self-Employed,0
50900.0,7500.0,874,1200000.0,4,Personal,Self-Employed,1
169500.0,0.0,361,1090000.0,1,Personal,Self-Employed,1
88400.0,24900.0,783,1440000.0,6,Personal,Self-Employed,1
167600.0,81600.0,481,90000.0,4,Personal,Salaried,0
35300.0,5600.0,488,420000.0,3,Business,Salaried,0
57700.0,9200.0,761,710000.0,14,Education,Salaried,1
76400.0,15200.0,673,2560000.0,6,Home,Self-Employed,1
16900.0,0.0,765,2800000.0,27,Home,Salaried,0
94700.0,42300.0,643,470000.0,9,Education,Salaried,1
51800.0,18200.0,767,6090000.0,21,Home,Salaried,0
133000.0,40000.0,699,7450000.0,25,Home,Unemployed,0
180700.0,102700.0,685,750000.0,5,Business,Salaried,0
79000.0,43300.0,509,1270000.0,7,Personal,Self-Employed,0
80300.0,30200.0,426,2540000.0,22,Home,Self-Employed,0
22500.0,3300.0,771,1040000.0,6,Personal,Unemployed,0
97700.0,35700.0,623,1930000.0,7,Home,Self-Employed,0
23400.0,8200.0,716,4530000.0,30,Home,Salaried,0
33900.0,4000.0,663,750000.0,5,Personal,Salaried,0
33000.0,0.0,657,2440000.0,10,Business,Self-Employed,0
88500.0,33500.0,719,450000.0,6,Personal,Salaried,1
139400.0,52400.0,776,1870000.0,5,Home,Salaried,1
45600.0,0.0,625,2600000.0,6,Business,Salaried,0
32400.0,6000.0,778,4040000.0,26,Home,Salaried,0
41100.0,18900.0,803,5080000.0,10,Home,Salaried,0
160300.0,0.0,834,1470000.0,5,Business,Self-Employed,1
78500.0,0.0,709,620000.0,9,Education,Salaried,0
88900.0,7500.0,677,2470000.0,4,Business,Salaried,1
82200.0,39000.0,733,340000.0,6,Education,Salaried,1
32100.0,6300.0,767,1460000.0,1,Business,Self-Employed,0
182900.0,30700.0,699,390000.0,6,Business,Self-Employed,1
65400.0,34600.0,862,1110000.0,5,Education,Salaried,0
117600.0,23100.0,753,860000.0,7,Education,Salaried,1
24800.0,0.0,686,6900000.0,29,Home,Self-Employed,0
100000.0,20000.0,763,2420000.0,28,Home,Salaried,1
89200.0,26000.0,727,7350000.0,21,Home,Salaried,0
192400.0,0.0,729,920000.0,6,Business,Unemployed,0
195200.0,0.0,787,1270000.0,1,Personal,Salaried,1
198700.0,0.0,710,900000.0,8,Business,Self-Employed,1
25700.0,5200.0,760,6650000.0,18,Home,Self-Employed,0
13200.0,0.0,665,1340000.0,5,Business,Salaried,0
134900.0,66500.0,523,1090000.0,12,Education,Salaried,0
46100.0,16600.0,494,4550000.0,7,Home,Salaried,0
135700.0,13300.0,358,1380000.0,15,Education,Unemployed,0
189500.0,107800.0,808,6910000.0,11,Home,Self-Employed,0
49300.0,0.0,636,2910000.0,9,Business,Salaried,0
51400.0,0.0,696,1490000.0,4,Personal,Salaried,1
79700.0,5400.0,570,1210000.0,4,Personal,Self-Employed,0
189800.0,0.0,802,470000.0,6,Personal,Salaried,1
15000.0,0.0,819,230000.0,4,Business,Self-Employed,1
41300.0,18900.0,788,1300000.0,6,Personal,Salaried,0
90800.0,28300.0,790,2040000.0,6,Business,Self-Employed,1
17600.0,4300.0,800,940000.0,1,Personal,Self-Employed,0
100500.0,0.0,705,830000.0,15,Education,Salaried,1
14800.0,0.0,872,1340000.0,20,Home,Salaried,0
112900.0,40900.0,686,1460000.0,5,Business,Self-Employed,1
137700.0,40700.0,442,230000.0,11,Education,Unemployed,0
27500.0,6700.0,326,2200000.0,10,Home,Salaried,0
195100.0,60900.0,814,1150000.0,5,Education,Salaried,1
120900.0,0.0,823,610000.0,3,Education,Self-Employed,1
131300.0,0.0,703,590000.0,20,Home,Salaried,1
175500.0,0.0,878,710000.0,7,Education,Salaried,1
135200.0,27400.0,346,530000.0,7,Personal,Self-Employed,0
137600.0,42900.0,697,1960000.0,9,Business,Self-Employed,1
168100.0,71900.0,693,3890000.0,22,Home,Unemployed,0
194700.0,95800.0,427,240000.0,6,Personal,Unemployed,0
152000.0,71100.0,728,100000.0,5,Personal,Salaried,1
199500.0,19000.0,748,6940000.0,12,Home,Self-Employed,1
191600.0,23200.0,855,3510000.0,17,Home,Salaried,1
100000.0,56300.0,672,1710000.0,5,Business,Self-Employed,0
89200.0,44000.0,789,1430000.0,2,Personal,Salaried,0
85500.0,42800.0,851,2570000.0,17,Home,Self-Employed,0
38800.0,7600.0,726,4430000.0,29,Home,Salaried,0
94400.0,0.0,743,550000.0,6,Business,Salaried,1
179500.0,50200.0,811,1050000.0,7,Personal,Salaried,1
31400.0,0.0,741,580000.0,13,Education,Salaried,1
132000.0,0.0,768,900000.0,5,Business,Salaried,1
169200.0,0.0,627,1220000.0,6,Education,Salaried,1
137100.0,64200.0,733,6780000.0,17,Home,Salaried,0
32300.0,0.0,626,380000.0,4,Business,Salaried,1
147000.0,57100.0,715,2600000.0,1,Business,Self-Employed,0
16800.0,200.0,324,2770000.0,1,Business,Self-Employed,0
140400.0,81300.0,783,520000.0,14,Education,Salaried,0
42200.0,21900.0,772,1140000.0,15,Education,Self-Employed,0
74700.0,33200.0,356,2500000.0,2,Business,Self-Employed,0
70800.0,7900.0,675,1070000.0,3,Personal,Self-Employed,1
153900.0,0.0,631,1790000.0,9,Business,Self-Employed,1
113200.0,47200.0,623,920000.0,13,Education,Self-Employed,1
76000.0,6100.0,801,1120000.0,15,Education,Salaried,1
54300.0,0.0,646,1490000.0,1,Personal,Salaried,1
54500.0,7100.0,670,660000.0,24,Home,Salaried,1
115600.0,28600.0,445,1920000.0,7,Business,Salaried,0
61500.0,33200.0,380,570000.0,14,Education,Self-Employed,0
120800.0,66500.0,477,4520000.0,8,Home,Self-Employed,0
146900.0,48800.0,416,4810000.0,6,Home,Self-Employed,0
94000.0,0.0,733,1720000.0,1,Business,Salaried,1
39800.0,1600.0,735,2850000.0,1,Business,Self-Employed,0
155700.0,37000.0,685,2120000.0,5,Business,Salaried,1
113400.0,21400.0,743,2170000.0,6,Business,Salaried,1
111600.0,0.0,671,910000.0,7,Personal,Self-Employed,1
186600.0,0.0,624,3530000.0,27,Home,Salaried,1
83700.0,42500.0,686,610000.0,7,Business,Self-Employed,0
61000.0,12900.0,619,1410000.0,2,Business,Salaried,1
23400.0,9600.0,560,1480000.0,1,Personal,Self-Employed,1
162400.0,36500.0,651,1950000.0,8,Business,Salaried,1
30200.0,2800.0,652,3810000.0,29,Home,Unemployed,0
95700.0,53700.0,498,1400000.0,14,Home,Self-Employed,0
45900.0,24800.0,741,1500000.0,3,Personal,Salaried,0
189500.0,7400.0,641,2890000.0,8,Business,Self-Employed,1
23000.0,0.0,800,2010000.0,10,Business,Salaried,0
72300.0,24900.0,703,830000.0,2,Personal,Self-Employed,1
49200.0,0.0,710,1120000.0,5,Home,Salaried,1
126600.0,75400.0,779,1060000.0,11,Education,Salaried,0
69700.0,37600.0,749,6040000.0,22,Home,Unemployed,1
78100.0,38600.0,710,790000.0,5,Education,Salaried,0
30500.0,0.0,478,140000.0,2,Personal,Unemployed,0
83700.0,0.0,681,1360000.0,6,Personal,Salaried,1
197600.0,0.0,798,110000.0,5,Education,Unemployed,1
91500.0,47400.0,660,1320000.0,14,Education,Self-Employed,0
90200.0,15100.0,504,1520000.0,10,Business,Self-Employed,1
156200.0,64600.0,632,560000.0,8,Business,Salaried,1
151100.0,0.0,761,460000.0,7,Education,Salaried,1
34400.0,0.0,537,850000.0,10,Education,Salaried,0
32600.0,16300.0,777,1220000.0,2,Personal,Salaried,0
38800.0,1000.0,491,320000.0,6,Education,Salaried,0
190300.0,108500.0,387,320000.0,6,Personal,Salaried,0
66900.0,7400.0,753,1370000.0,8,Business,Salaried,1
66100.0,21700.0,631,990000.0,21,Home,Self-Employed,1
72500.0,39200.0,568,530000.0,6,Home,Self-Employed,0
155300.0,50800.0,794,730000.0,5,Personal,Self-Employed,1
84700.0,0.0,720,410000.0,13,Education,Self-Employed,1
177300.0,30500.0,851,3410000.0,13,Home,Salaried,1
93200.0,2400.0,812,1280000.0,9,Education,Self-Employed,1
88300.0,0.0,714,1430000.0,10,Education,Salaried,1
37000.0,5500.0,735,1420000.0,14,Education,Self-Employed,1
115100.0,0.0,750,360000.0,5,Education,Unemployed,1
168600.0,0.0,605,730000.0,9,Business,Salaried,1
93200.0,0.0,660,1750000.0,3,Business,Unemployed,0
120100.0,0.0,687,2340000.0,28,Home,Self-Employed,1
187400.0,82700.0,469,2380000.0,2,Business,Salaried,1
28900.0,0.0,772,1440000.0,3,Personal,Salaried,1
71300.0,0.0,691,300000.0,7,Education,Self-Employed,1
40600.0,13000.0,647,4640000.0,20,Home,Unemployed,0
181900.0,0.0,643,700000.0,15,Education,Self-Employed,0
101700.0,0.0,872,1150000.0,8,Business,Salaried,1
15700.0,6300.0,692,1140000.0,16,Home,Salaried,0
139300.0,0.0,836,7700000.0,11,Home,Self-Employed,0
161000.0,0.0,867,770000.0,12,Education,Salaried,1
80700.0,24900.0,526,170000.0,6,Business,Unemployed,0
143700.0,85900.0,677,1490000.0,6,Personal,Self-Employed,0
17900.0,0.0,302,870000.0,3,Personal,Salaried,0
18800.0,7900.0,788,2580000.0,7,Business,Salaried,0
77100.0,8900.0,620,700000.0,13,Education,Salaried,1
180400.0,13900.0,670,310000.0,4,Education,Self-Employed,1
174400.0,1400.0,517,5130000.0,9,Home,Self-Employed,0
74200.0,27300.0,640,2760000.0,2,Business,Self-Employed,0
160800.0,4800.0,688,810000.0,4,Personal,Salaried,1
47000.0,19100.0,315,640000.0,1,Business,Self-Employed,0
177100.0,20100.0,777,1910000.0,15,Home,Salaried,1
131400.0,47400.0,680,3700000.0,16,Home,Salaried,0
194000.0,87800.0,611,540000.0,6,Personal,Self-Employed,1
155700.0,0.0,773,360000.0,10,Business,Salaried,1
125800.0,0.0,768,510000.0,8,Education,Self-Employed,1
68400.0,22400.0,666,590000.0,6,Business,Salaried,1
161700.0,0.0,809,1450000.0,3,Business,Salaried,1
16600.0,3200.0,458,1260000.0,1,Business,Salaried,0
189900.0,1900.0,676,1980000.0,20,Home,Salaried,1
172500.0,19700.0,722,680000.0,5,Education,Self-Employed,1
31900.0,0.0,742,240000.0,5,Personal,Salaried,1
14400.0,1400.0,758,3720000.0,8,Home,Salaried,0
82200.0,6300.0,717,80000.0,8,Education,Salaried,1
141400.0,0.0,458,7260000.0,20,Home,Unemployed,0
74200.0,5700.0,747,1460000.0,6,Education,Salaried,1
58800.0,31400.0,813,3380000.0,9,Home,Self-Employed,0
99000.0,0.0,481,130000.0,4,Personal,Salaried,0
80400.0,0.0,665,50000.0,8,Education,Self-Employed,1
159300.0,0.0,686,2660000.0,4,Business,Salaried,1
124300.0,54700.0,657,6490000.0,14,Home,Unemployed,0
165900.0,26000.0,588,1990000.0,7,Business,Salaried,0
198700.0,45500.0,712,1010000.0,5,Business,Self-Employed,1
97200.0,7500.0,330,7010000.0,22,Home,Self-Employed,0
147500.0,55700.0,703,2950000.0,29,Home,Salaried,1
154200.0,47300.0,765,770000.0,4,Education,Salaried,1
188700.0,85400.0,384,640000.0,7,Personal,Salaried,0
110600.0,26300.0,794,2460000.0,8,Business,Salaried,1
22600.0,300.0,761,740000.0,3,Education,Salaried,1
191400.0,36700.0,748,3470000.0,21,Home,Unemployed,0
146400.0,6000.0,596,770000.0,8,Business,Salaried,1
81200.0,0.0,662,820000.0,6,Personal,Salaried,1
82400.0,41300.0,673,330000.0,7,Education,Salaried,1
95800.0,0.0,779,350000.0,4,Education,Salaried,0
176400.0,60400.0,797,1020000.0,5,Personal,Self-Employed,1
133800.0,71500.0,354,80000.0,3,Education,Salaried,0
50800.0,0.0,689,7880000.0,24,Home,Self-Employed,0
124200.0,0.0,837,330000.0,2,Business,Salaried,1
173100.0,0.0,375,590000.0,5,Personal,Self-Employed,0
52500.0,13300.0,319,640000.0,1,Personal,Salaried,0
68800.0,38400.0,500,330000.0,6,Personal,Self-Employed,0
187200.0,12600.0,714,1330000.0,6,Personal,Self-Employed,1
117900.0,48900.0,703,600000.0,3,Education,Salaried,1
194900.0,5100.0,779,910000.0,5,Business,Salaried,1
16600.0,8700.0,713,510000.0,25,Home,Self-Employed,1
144200.0,0.0,772,930000.0,2,Business,Salaried,1
114400.0,61900.0,729,1030000.0,6,Business,Self-Employed,0
196900.0,0.0,756,2680000.0,9,Business,Salaried,1
59600.0,33100.0,713,1660000.0,3,Business,Salaried,0
173600.0,62400.0,797,280000.0,15,Education,Salaried,1
86500.0,0.0,547,4580000.0,21,Home,Self-Employed,0
115500.0,0.0,758,1190000.0,4,Personal,Salaried,1
86300.0,20300.0,774,1050000.0,4,Education,Salaried,1
142500.0,0.0,817,2910000.0,2,Business,Salaried,1
69600.0,0.0,661,970000.0,7,Personal,Self-Employed,1
34800.0,16200.0,672,1430000.0,4,Personal,Salaried,0
124300.0,28000.0,745,2770000.0,10,Business,Salaried,1
106000.0,16300.0,787,2280000.0,2,Business,Unemployed,0
140800.0,0.0,851,1150000.0,4,Education,Unemployed,1
148200.0,0.0,413,1130000.0,2,Personal,Salaried,0
70200.0,0.0,354,1290000.0,1,Business,Salaried,0
95600.0,26600.0,701,1390000.0,6,Personal,Unemployed,0
143300.0,77600.0,648,470000.0,8,Education,Salaried,0
26400.0,3900.0,773,5400000.0,10,Home,Unemployed,0
54000.0,0.0,721,1080000.0,7,Personal,Salaried,1
38200.0,0.0,440,670000.0,3,Personal,Salaried,0
110700.0,42200.0,717,910000.0,9,Business,Salaried,1
61400.0,0.0,704,1380000.0,2,Personal,Salaried,1
47100.0,18600.0,733,4080000.0,30,Home,Salaried,0
19500.0,3500.0,702,1180000.0,9,Business,Salaried,0
62000.0,11300.0,379,390000.0,4,Personal,Salaried,0
101900.0,10500.0,746,6940000.0,7,Home,Self-Employed,0
39300.0,0.0,874,1040000.0,10,Home,Self-Employed,1
80000.0,12600.0,710,2620000.0,7,Business,Self-Employed,0
126000.0,0.0,637,940000.0,15,Education,Salaried,1
154000.0,55300.0,780,1350000.0,1,Business,Self-Employed,1
158100.0,0.0,678,440000.0,6,Personal,Self-Employed,1
112600.0,20800.0,427,610000.0,14,Education,Salaried,0
29100.0,6000.0,747,2390000.0,13,Home,Salaried,0
54800.0,0.0,669,330000.0,7,Education,Salaried,1
89400.0,22700.0,779,1340000.0,5,Education,Salaried,1
141000.0,0.0,660,720000.0,11,Education,Salaried,1
50700.0,0.0,345,990000.0,10,Education,Self-Employed,0
62900.0,20300.0,742,830000.0,7,Business,Salaried,1
47500.0,0.0,413,2970000.0,10,Business,Salaried,0
21600.0,12700.0,718,1220000.0,2,Business,Salaried,0
162600.0,82700.0,731,420000.0,7,Personal,Salaried,1
179600.0,1100.0,746,900000.0,7,Business,Salaried,1
119300.0,39600.0,337,4650000.0,15,Home,Self-Employed,0
167100.0,61800.0,322,6050000.0,13,Home,Self-Employed,0
170900.0,47100.0,651,350000.0,1,Personal,Salaried,0
173800.0,0.0,667,1280000.0,9,Education,Salaried,1
179000.0,0.0,587,2320000.0,4,Business,Salaried,0
176500.0,2200.0,701,1380000.0,4,Business,Salaried,1
143400.0,67800.0,686,630000.0,2,Personal,Self-Employed,1
177000.0,0.0,734,5340000.0,7,Home,Salaried,1
76900.0,22700.0,824,160000.0,3,Personal,Salaried,1
199500.0,20200.0,461,920000.0,15,Education,Salaried,0
80500.0,0.0,827,170000.0,6,Personal,Unemployed,0
187200.0,32900.0,369,1380000.0,6,Education,Salaried,0
55600.0,1700.0,783,7650000.0,28,Home,Salaried,0
180200.0,87300.0,765,300000.0,2,Business,Unemployed,0
158500.0,35100.0,728,1900000.0,30,Home,Salaried,0
108500.0,32800.0,639,860000.0,9,Home,Self-Employed,1
168800.0,28300.0,652,1320000.0,12,Home,Self-Employed,1
83000.0,22900.0,757,610000.0,5,Personal,Salaried,1
189300.0,68800.0,774,2280000.0,9,Business,Unemployed,0
105900.0,0.0,741,3260000.0,14,Home,Salaried,1
68300.0,20000.0,663,2350000.0,3,Business,Salaried,0
68800.0,700.0,711,4150000.0,19,Home,Self-Employed,0
99100.0,3100.0,524,1390000.0,7,Education,Self-Employed,0
84700.0,22000.0,695,790000.0,10,Education,Salaried,0
74300.0,22600.0,627,2260000.0,9,Business,Salaried,0
130600.0,35100.0,743,540000.0,3,Personal,Salaried,1
122100.0,0.0,710,790000.0,6,Personal,Self-Employed,1
40800.0,0.0,765,1110000.0,6,Personal,Unemployed,0
48900.0,8100.0,601,590000.0,9,Home,Self-Employed,1
167300.0,54900.0,827,500000.0,7,Home,Salaried,1
102700.0,28900.0,531,760000.0,1,Personal,Salaried,0
196100.0,0.0,364,860000.0,14,Education,Self-Employed,0
137500.0,0.0,758,1220000.0,15,Education,Salaried,1
93600.0,52800.0,858,7930000.0,6,Home,Self-Employed,0
60400.0,0.0,801,370000.0,6,Education,Self-Employed,1
143100.0,35400.0,734,2740000.0,12,Home,Unemployed,0
136600.0,0.0,314,1280000.0,7,Business,Unemployed,0
74800.0,13800.0,888,2790000.0,7,Business,Unemployed,0
56200.0,27100.0,740,1820000.0,2,Business,Salaried,0
13600.0,4000.0,856,1220000.0,6,Personal,Self-Employed,0
45400.0,26800.0,759,1250000.0,3,Personal,Salaried,0
179900.0,4200.0,872,930000.0,7,Personal,Salaried,1
166900.0,26800.0,798,1040000.0,24,Home,Self-Employed,1
172300.0,80200.0,721,360000.0,3,Personal,Salaried,0
142600.0,0.0,724,480000.0,14,Education,Self-Employed,1
56200.0,0.0,689,800000.0,3,Business,Self-Employed,1
122500.0,7900.0,644,140000.0,7,Personal,Salaried,1
147100.0,10800.0,839,850000.0,12,Education,Salaried,1
135400.0,31700.0,603,6810000.0,30,Home,Self-Employed,0
99100.0,0.0,806,3870000.0,15,Home,Self-Employed,1
192100.0,0.0,345,2620000.0,3,Business,Self-Employed,0
176600.0,4500.0,724,1540000.0,5,Business,Salaried,1
156900.0,67000.0,393,520000.0,20,Home,Salaried,0
74500.0,32900.0,728,7170000.0,23,Home,Salaried,0
190600.0,0.0,766,4600000.0,22,Home,Salaried,1
74500.0,28000.0,718,2650000.0,8,Business,Salaried,0
168900.0,26800.0,513,6630000.0,26,Home,Unemployed,0
12800.0,1700.0,359,50000.0,3,Education,Salaried,0
181100.0,0.0,808,1110000.0,15,Education,Salaried,1
136700.0,47600.0,732,1180000.0,6,Education,Self-Employed,1
73800.0,8900.0,618,1980000.0,8,Business,Salaried,0
149400.0,26200.0,648,3700000.0,28,Home,Unemployed,0
66300.0,0.0,749,140000.0,2,Personal,Self-Employed,1
24400.0,0.0,676,290000.0,7,Personal,Unemployed,0
169000.0,51800.0,744,1180000.0,3,Personal,Salaried,1
163600.0,24600.0,826,1220000.0,15,Education,Salaried,1
76300.0,31600.0,876,1140000.0,3,Personal,Salaried,1
93300.0,0.0,704,590000.0,10,Business,Self-Employed,1
152000.0,0.0,495,850000.0,4,Personal,Unemployed,0
19900.0,0.0,872,1400000.0,13,Education,Salaried,0
174100.0,88100.0,733,200000.0,2,Personal,Unemployed,0
164400.0,0.0,670,830000.0,9,Education,Salaried,1
68400.0,0.0,673,590000.0,2,Personal,Salaried,1
195300.0,58400.0,705,180000.0,5,Business,Unemployed,0
187100.0,95600.0,625,420000.0,3,Personal,Self-Employed,1
51900.0,0.0,678,1270000.0,5,Personal,Salaried,1
115200.0,47700.0,732,470000.0,4,Personal,Self-Employed,1
177100.0,35400.0,640,170000.0,5,Personal,Salaried,0
164200.0,10500.0,838,2700000.0,4,Business,Salaried,1
184600.0,0.0,791,4030000.0,28,Home,Salaried,1
166600.0,23800.0,758,7060000.0,23,Home,Self-Employed,0
56700.0,20900.0,795,2700000.0,9,Home,Salaried,0
66100.0,34000.0,708,1980000.0,8,Business,Unemployed,1
47900.0,3700.0,749,210000.0,6,Personal,Salaried,1
59000.0,2600.0,853,440000.0,1,Personal,Salaried,1
168000.0,10800.0,642,5930000.0,30,Home,Self-Employed,1
89300.0,36500.0,659,970000.0,6,Education,Salaried,1
173300.0,50900.0,409,2390000.0,18,Home,Self-Employed,0
168700.0,0.0,660,190000.0,3,Personal,Self-Employed,1
156600.0,71700.0,714,490000.0,6,Education,Salaried,1
193100.0,55700.0,639,1180000.0,13,Education,Self-Employed,1
115700.0,10000.0,698,2410000.0,8,Home,Unemployed,0
15800.0,8400.0,679,1220000.0,15,Education,Self-Employed,0
195800.0,112600.0,760,4650000.0,23,Home,Self-Employed,0
32400.0,14900.0,789,1800000.0,7,Business,Salaried,0
100700.0,14800.0,691,730000.0,6,Education,Salaried,1
192000.0,8800.0,640,1290000.0,1,Business,Salaried,1
150900.0,89600.0,766,740000.0,4,Business,Salaried,0
14200.0,1000.0,739,690000.0,2,Personal,Salaried,0
29600.0,10600.0,837,2310000.0,20,Home,Self-Employed,0
142800.0,72100.0,354,3590000.0,15,Home,Self-Employed,0
64200.0,13400.0,714,5720000.0,5,Home,Unemployed,0
48200.0,0.0,601,290000.0,7,Personal,Self-Employed,1
23500.0,8700.0,768,5930000.0,16,Home,Salaried,0
93200.0,46600.0,699,300000.0,3,Education,Self-Employed,1
155700.0,14400.0,666,2460000.0,5,Business,Salaried,1
41600.0,0.0,734,1430000.0,9,Education,Self-Employed,1
60900.0,26800.0,584,1280000.0,7,Business,Salaried,0
176400.0,73500.0,357,2130000.0,2,Business,Unemployed,0
121200.0,0.0,725,1660000.0,4,Business,Unemployed,0
107600.0,57100.0,732,3040000.0,22,Home,Unemployed,0
37600.0,9600.0,351,1210000.0,6,Education,Salaried,0
129500.0,56000.0,771,500000.0,2,Personal,Salaried,1
155900.0,0.0,760,1300000.0,14,Education,Salaried,0
151500.0,7400.0,719,1220000.0,10,Education,Salaried,1
130600.0,0.0,644,560000.0,9,Education,Salaried,1
61000.0,29700.0,736,740000.0,10,Education,Self-Employed,0
167000.0,62300.0,700,90000.0,4,Personal,Salaried,1
12500.0,1800.0,692,560000.0,5,Personal,Salaried,0
117800.0,10600.0,666,2910000.0,26,Home,Salaried,0
159600.0,4000.0,746,130000.0,6,Education,Self-Employed,1
159900.0,59900.0,837,2780000.0,3,Business,Self-Employed,1
20800.0,4900.0,331,850000.0,5,Personal,Salaried,0
60600.0,0.0,843,770000.0,6,Education,Self-Employed,1
47300.0,11300.0,756,510000.0,7,Business,Self-Employed,1
110100.0,44100.0,683,80000.0,9,Education,Self-Employed,1
148300.0,19000.0,781,1120000.0,6,Home,Salaried,1
130700.0,74200.0,681,1320000.0,5,Education,Unemployed,0
81400.0,9100.0,807,5970000.0,26,Home,Self-Employed,0
160900.0,0.0,849,1640000.0,1,Business,Salaried,1
116500.0,12500.0,382,1460000.0,4,Personal,Salaried,0
75900.0,29100.0,372,330000.0,2,Personal,Self-Employed,0
110900.0,58800.0,769,1220000.0,15,Education,Salaried,0
97500.0,51400.0,603,1460000.0,2,Personal,Self-Employed,0
37300.0,22400.0,705,760000.0,7,Home,Salaried,0
73600.0,20400.0,705,1700000.0,9,Business,Self-Employed,1
51200.0,24900.0,691,640000.0,5,Personal,Unemployed,0
82900.0,35000.0,679,1470000.0,1,Personal,Salaried,0
177900.0,41800.0,693,2670000.0,2,Business,Unemployed,0
175700.0,60600.0,681,370000.0,5,Personal,Self-Employed,1
154200.0,15800.0,839,920000.0,5,Personal,Salaried,1
75000.0,4200.0,473,6930000.0,14,Home,Salaried,0
20100.0,300.0,668,2810000.0,7,Business,Unemployed,0
30000.0,0.0,801,1410000.0,2,Personal,Salaried,1
50200.0,26600.0,809,70000.0,2,Personal,Salaried,1
152100.0,16000.0,819,550000.0,7,Personal,Salaried,1
32400.0,9400.0,750,1570000.0,11,Home,Salaried,0
193100.0,35200.0,786,1480000.0,15,Education,Salaried,1
174200.0,0.0,727,640000.0,6,Education,Salaried,1
35300.0,7800.0,582,1240000.0,11,Education,Self-Employed,0
65700.0,600.0,547,890000.0,2,Personal,Self-Employed,0
119700.0,56100.0,732,1850000.0,10,Business,Self-Employed,0
110200.0,51800.0,748,1750000.0,3,Business,Salaried,0
157200.0,0.0,785,1290000.0,2,Personal,Salaried,1
158700.0,0.0,641,1450000.0,4,Personal,Salaried,1
143500.0,0.0,703,200000.0,7,Personal,Salaried,1
44700.0,15100.0,357,920000.0,3,Personal,Self-Employed,0
180900.0,71300.0,582,1240000.0,7,Education,Self-Employed,0
178800.0,15300.0,743,540000.0,11,Education,Unemployed,1
155500.0,13700.0,624,4630000.0,23,Home,Salaried,1
185600.0,62600.0,324,2510000.0,3,Business,Self-Employed,0
196300.0,0.0,656,440000.0,11,Education,Salaried,1
63100.0,0.0,508,290000.0,15,Education,Self-Employed,0
108600.0,59100.0,890,200000.0,7,Personal,Self-Employed,0
137600.0,0.0,856,6910000.0,6,Home,Salaried,1
127100.0,22300.0,805,1030000.0,8,Business,Salaried,1
110100.0,0.0,460,5200000.0,6,Home,Self-Employed,0
62800.0,0.0,741,3430000.0,6,Home,Self-Employed,1
148500.0,0.0,637,500000.0,1,Business,Self-Employed,1
104500.0,29700.0,603,270000.0,6,Personal,Self-Employed,1
61500.0,19300.0,613,320000.0,2,Personal,Self-Employed,1
191400.0,82100.0,693,1440000.0,1,Personal,Unemployed,0
50500.0,0.0,469,150000.0,2,Personal,Salaried,1
91300.0,0.0,379,720000.0,5,Personal,Salaried,0
47800.0,25600.0,685,910000.0,14,Education,Salaried,0
174500.0,4500.0,407,460000.0,3,Education,Salaried,0
168400.0,54000.0,526,6060000.0,20,Home,Self-Employed,0
26100.0,0.0,812,7210000.0,23,Home,Unemployed,0
48400.0,28300.0,730,6010000.0,20,Home,Salaried,0
92100.0,0.0,434,2640000.0,9,Business,Salaried,0
75600.0,20400.0,721,1070000.0,11,Education,Salaried,1
186300.0,53500.0,806,1540000.0,7,Business,Salaried,1
14900.0,0.0,642,5440000.0,10,Home,Self-Employed,0
41900.0,0.0,753,70000.0,8,Education,Salaried,1
141100.0,12700.0,751,2820000.0,2,Business,Unemployed,0
86800.0,30900.0,739,6290000.0,13,Home,Salaried,0
175200.0,0.0,828,1280000.0,15,Education,Self-Employed,0
113900.0,0.0,760,4310000.0,14,Home,Self-Employed,1
75500.0,0.0,747,990000.0,7,Education,Self-Employed,1
153200.0,60200.0,830,780000.0,9,Business,Unemployed,0
113400.0,0.0,835,1410000.0,7,Business,Salaried,1
136800.0,50100.0,730,1290000.0,5,Personal,Self-Employed,1
40900.0,0.0,736,1530000.0,1,Business,Self-Employed,1
12100.0,5000.0,698,1060000.0,3,Education,Self-Employed,0
85300.0,0.0,714,110000.0,13,Education,Self-Employed,1
45100.0,0.0,367,310000.0,11,Education,Self-Employed,0
78400.0,0.0,749,1940000.0,3,Business,Salaried,1
168100.0,94900.0,821,880000.0,4,Education,Self-Employed,0
140700.0,0.0,777,5920000.0,20,Home,Salaried,1
194100.0,110200.0,761,550000.0,12,Education,Salaried,0
173800.0,0.0,764,590000.0,3,Education,Salaried,1
191800.0,0.0,580,1030000.0,8,Business,Salaried,0
54200.0,20400.0,757,790000.0,12,Education,Self-Employed,1
124600.0,14900.0,383,380000.0,7,Personal,Unemployed,1
69800.0,19000.0,689,210000.0,14,Education,Salaried,1
101500.0,0.0,669,3700000.0,15,Home,Self-Employed,0
40100.0,0.0,370,1170000.0,4,Education,Unemployed,1
84000.0,50300.0,726,860000.0,12,Education,Salaried,0
13300.0,1900.0,733,6250000.0,17,Home,Self-Employed,0
116800.0,0.0,707,7670000.0,29,Home,Unemployed,0
96600.0,17300.0,721,1080000.0,6,Business,Self-Employed,1
75800.0,43900.0,687,1080000.0,12,Education,Salaried,0
127500.0,6300.0,869,690000.0,5,Home,Salaried,1
69700.0,24500.0,318,380000.0,6,Personal,Salaried,0
175300.0,600.0,594,330000.0,6,Personal,Self-Employed,0
65400.0,20400.0,701,5150000.0,27,Home,Self-Employed,0
141800.0,0.0,820,2390000.0,5,Business,Unemployed,0
36400.0,0.0,475,7390000.0,14,Home,Self-Employed,0
163400.0,53300.0,484,310000.0,1,Personal,Salaried,0
133300.0,49900.0,771,7140000.0,21,Home,Self-Employed,0
50300.0,10400.0,778,640000.0,14,Education,Salaried,1
46000.0,12800.0,858,1730000.0,5,Business,Salaried,0
119400.0,10200.0,792,2580000.0,8,Business,Salaried,1
85800.0,9400.0,634,4020000.0,7,Home,Self-Employed,0
160000.0,0.0,463,7750000.0,5,Home,Salaried,0
191600.0,0.0,706,1780000.0,8,Home,Salaried,1
122000.0,17300.0,668,290000.0,13,Education,Self-Employed,1
172900.0,33200.0,366,1420000.0,28,Home,Self-Employed,0
163900.0,92600.0,674,840000.0,8,Business,Salaried,0
96000.0,0.0,409,300000.0,2,Personal,Salaried,0
58300.0,0.0,727,4230000.0,8,Home,Salaried,0
190800.0,0.0,638,90000.0,13,Education,Salaried,1
80500.0,0.0,606,310000.0,1,Personal,Salaried,1
103900.0,0.0,716,780000.0,12,Education,Self-Employed,1
147700.0,0.0,695,2280000.0,22,Home,Self-Employed,1
185400.0,0.0,310,60000.0,3,Personal,Self-Employed,0
165200.0,0.0,630,290000.0,3,Business,Self-Employed,1
40100.0,18700.0,738,540000.0,1,Personal,Salaried,0
134900.0,0.0,743,1970000.0,5,Home,Salaried,1
141100.0,51500.0,703,1940000.0,3,Business,Salaried,1
141100.0,0.0,716,5450000.0,6,Home,Salaried,1
83900.0,46000.0,744,80000.0,2,Personal,Salaried,0
49200.0,21500.0,735,1350000.0,6,Business,Unemployed,0
97600.0,0.0,494,180000.0,7,Personal,Self-Employed,0
65500.0,0.0,746,1550000.0,15,Home,Salaried,1
40200.0,3100.0,447,1070000.0,8,Education,Unemployed,0
169900.0,75700.0,789,360000.0,13,Education,Self-Employed,1
142600.0,1500.0,855,220000.0,7,Education,Salaried,1
113500.0,51900.0,801,430000.0,4,Education,Salaried,1
198100.0,0.0,696,1710000.0,12,Home,Salaried,1
124600.0,53700.0,407,1300000.0,3,Education,Salaried,0
64900.0,35100.0,674,6980000.0,26,Home,Salaried,0
145500.0,21800.0,744,1360000.0,4,Personal,Salaried,1
179900.0,7000.0,757,2990000.0,6,Business,Salaried,1
59200.0,0.0,790,3960000.0,5,Home,Unemployed,0
161900.0,3800.0,825,1200000.0,5,Personal,Self-Employed,1
155500.0,15100.0,730,1600000.0,6,Business,Salaried,1
175300.0,36000.0,620,4310000.0,18,Home,Salaried,1
146000.0,84900.0,371,7770000.0,13,Home,Salaried,0
44900.0,0.0,734,1860000.0,22,Home,Self-Employed,1
144200.0,42900.0,733,530000.0,13,Education,Salaried,1
41400.0,0.0,530,6790000.0,17,Home,Self-Employed,0
122000.0,60800.0,718,740000.0,13,Home,Salaried,0
193400.0,2900.0,633,1400000.0,8,Business,Salaried,1
19000.0,0.0,668,1160000.0,5,Personal,Unemployed,0
71200.0,30200.0,651,420000.0,12,Education,Salaried,1
124400.0,68100.0,727,760000.0,6,Education,Self-Employed,0
94500.0,23500.0,774,1270000.0,17,Home,Salaried,1
65900.0,19000.0,667,1810000.0,15,Home,Salaried,0
193800.0,69200.0,825,7970000.0,19,Home,Self-Employed,0
183300.0,47400.0,465,70000.0,4,Personal,Self-Employed,0
113600.0,6100.0,647,2030000.0,1,Business,Self-Employed,1
187000.0,0.0,499,390000.0,13,Education,Salaried,0
180700.0,48200.0,798,1560000.0,10,Business,Unemployed,0
172100.0,0.0,523,480000.0,2,Personal,Self-Employed,0
177500.0,54600.0,442,680000.0,5,Personal,Salaried,0
23600.0,7600.0,688,1010000.0,7,Personal,Salaried,0
28000.0,1500.0,620,1680000.0,20,Home,Salaried,0
124800.0,67700.0,768,620000.0,13,Education,Self-Employed,0
21400.0,4600.0,674,2390000.0,10,Business,Self-Employed,0
104900.0,15600.0,756,1220000.0,11,Education,Salaried,1
78600.0,0.0,787,1220000.0,13,Education,Self-Employed,1
20500.0,5200.0,798,3320000.0,22,Home,Salaried,0
92700.0,28500.0,712,270000.0,8,Education,Unemployed,1
187500.0,27400.0,677,4600000.0,5,Home,Salaried,1
87200.0,11900.0,711,7890000.0,17,Home,Salaried,0
24800.0,12400.0,616,3000000.0,2,Business,Self-Employed,0
154000.0,75300.0,518,5860000.0,8,Home,Salaried,0
180200.0,106100.0,673,1710000.0,2,Business,Self-Employed,0
79700.0,0.0,721,420000.0,5,Personal,Unemployed,0
176100.0,28900.0,707,1280000.0,10,Education,Self-Employed,1
187100.0,57900.0,740,1760000.0,9,Business,Self-Employed,1
98800.0,5700.0,676,790000.0,1,Personal,Self-Employed,1
184800.0,105000.0,744,830000.0,15,Education,Self-Employed,0
115300.0,35100.0,759,2610000.0,6,Business,Self-Employed,1
163100.0,12100.0,741,310000.0,13,Education,Unemployed,1
186600.0,0.0,632,740000.0,9,Education,Salaried,1
124000.0,0.0,703,650000.0,2,Personal,Salaried,1
120900.0,43500.0,571,690000.0,25,Home,Salaried,0
68200.0,0.0,602,1380000.0,9,Education,Self-Employed,1
151200.0,39500.0,604,1190000.0,7,Education,Self-Employed,1
174700.0,46400.0,591,700000.0,7,Education,Salaried,0
107200.0,27300.0,782,2440000.0,17,Home,Salaried,1
46700.0,19600.0,703,3010000.0,24,Home,Self-Employed,0
187200.0,96100.0,645,300000.0,7,Personal,Salaried,1
101900.0,19000.0,687,300000.0,1,Business,Unemployed,0
196900.0,107600.0,503,2380000.0,30,Home,Salaried,0
13200.0,0.0,630,1810000.0,7,Business,Unemployed,0
36000.0,0.0,740,2830000.0,8,Business,Unemployed,0
63400.0,27300.0,803,970000.0,4,Personal,Unemployed,0
22100.0,3000.0,718,370000.0,3,Personal,Unemployed,0
112100.0,23600.0,342,2950000.0,9,Business,Self-Employed,0
116800.0,0.0,812,3220000.0,29,Home,Salaried,1
139100.0,25500.0,751,540000.0,5,Education,Salaried,1
189600.0,81100.0,779,930000.0,6,Personal,Salaried,1
128700.0,0.0,711,2340000.0,4,Business,Self-Employed,1
139600.0,14200.0,797,830000.0,13,Education,Self-Employed,1
78500.0,25600.0,316,1180000.0,2,Personal,Self-Employed,0
131400.0,48000.0,666,1090000.0,11,Education,Salaried,1
55100.0,0.0,302,1290000.0,14,Education,Self-Employed,0
146400.0,41700.0,822,1270000.0,3,Personal,Salaried,1
184400.0,0.0,709,1250000.0,6,Education,Salaried,1
101300.0,27400.0,629,980000.0,13,Education,Self-Employed,1
124000.0,34000.0,753,1320000.0,14,Education,Salaried,1
111200.0,0.0,491,1840000.0,5,Business,Unemployed,0
144200.0,0.0,799,1040000.0,7,Education,Salaried,1
174000.0,0.0,852,1070000.0,2,Personal,Self-Employed,1
134000.0,13100.0,735,1270000.0,8,Home,Self-Employed,1
185000.0,97900.0,651,2610000.0,1,Business,Salaried,0
34800.0,0.0,666,7170000.0,5,Home,Salaried,0
83300.0,1500.0,449,2620000.0,8,Business,Salaried,0
27700.0,6200.0,681,1380000.0,2,Personal,Salaried,0
134200.0,6800.0,603,750000.0,9,Education,Unemployed,1
70200.0,0.0,797,6430000.0,6,Home,Salaried,1
153300.0,0.0,792,440000.0,3,Personal,Salaried,1
26000.0,10700.0,858,2040000.0,7,Business,Salaried,0
133700.0,0.0,621,160000.0,7,Personal,Salaried,1
12300.0,2400.0,792,7370000.0,13,Home,Unemployed,0
127700.0,43000.0,708,690000.0,9,Business,Salaried,1
126100.0,0.0,729,1720000.0,9,Business,Salaried,1
199100.0,58000.0,697,580000.0,5,Personal,Salaried,1
26600.0,6000.0,668,80000.0,4,Education,Salaried,1
193100.0,64800.0,395,490000.0,4,Education,Salaried,0
196300.0,110100.0,495,560000.0,5,Personal,Self-Employed,0
97900.0,0.0,640,470000.0,5,Personal,Salaried,1
138500.0,0.0,679,920000.0,5,Personal,Salaried,1
45300.0,25600.0,738,3870000.0,30,Home,Salaried,0
80900.0,0.0,732,1040000.0,8,Education,Self-Employed,1
158500.0,80400.0,801,570000.0,7,Personal,Salaried,0
21400.0,2800.0,692,430000.0,1,Personal,Unemployed,0
64300.0,0.0,425,7400000.0,24,Home,Self-Employed,0
28700.0,16300.0,345,1050000.0,14,Education,Salaried,0
90900.0,50900.0,498,580000.0,4,Personal,Salaried,0
132600.0,0.0,633,590000.0,3,Education,Unemployed,1
32500.0,0.0,655,330000.0,1,Business,Self-Employed,1
174100.0,85700.0,601,3970000.0,30,Home,Unemployed,0
12900.0,7000.0,463,1320000.0,12,Education,Self-Employed,0
54700.0,26200.0,706,860000.0,6,Education,Self-Employed,0
123900.0,35100.0,798,360000.0,10,Business,Salaried,1
50000.0,16200.0,779,6300000.0,6,Home,Unemployed,0
157600.0,38100.0,613,1340000.0,2,Personal,Salaried,1
110500.0,0.0,809,270000.0,11,Education,Salaried,1
93900.0,0.0,738,370000.0,14,Education,Unemployed,1
106600.0,61900.0,666,1390000.0,15,Education,Unemployed,0
37900.0,7600.0,712,450000.0,3,Education,Salaried,1
78300.0,18700.0,654,2490000.0,10,Business,Self-Employed,1
73000.0,27500.0,590,1490000.0,4,Education,Unemployed,0
199400.0,60700.0,741,1040000.0,2,Personal,Unemployed,0
95700.0,39400.0,748,640000.0,12,Education,Self-Employed,1
184900.0,104300.0,889,7200000.0,26,Home,Salaried,0
159600.0,0.0,851,130000.0,7,Business,Unemployed,0
32900.0,14200.0,812,1450000.0,6,Personal,Salaried,0
179400.0,47200.0,797,190000.0,10,Education,Salaried,1
115500.0,0.0,739,3250000.0,5,Home,Salaried,1
196700.0,80000.0,684,1090000.0,2,Personal,Salaried,1
77500.0,0.0,407,770000.0,6,Personal,Salaried,0
114000.0,62200.0,547,540000.0,12,Education,Salaried,0
79500.0,0.0,699,4750000.0,9,Home,Unemployed,1
23200.0,0.0,736,1970000.0,7,Business,Salaried,0
84700.0,13400.0,818,1490000.0,5,Personal,Salaried,1
191800.0,65600.0,737,7720000.0,16,Home,Self-Employed,0
104300.0,53100.0,689,350000.0,6,Personal,Salaried,1
52000.0,8000.0,345,190000.0,5,Personal,Salaried,0
136400.0,63800.0,664,520000.0,1,Personal,Self-Employed,1
132900.0,0.0,311,390000.0,6,Personal,Salaried,0
57700.0,31300.0,702,740000.0,3,Business,Salaried,0
139500.0,0.0,414,1140000.0,5,Personal,Salaried,0
118300.0,12100.0,779,1000000.0,7,Business,Salaried,0
163200.0,800.0,715,3150000.0,10,Home,Salaried,1
179300.0,13600.0,328,2420000.0,3,Business,Unemployed,0
93100.0,0.0,786,1100000.0,2,Personal,Salaried,1
183100.0,0.0,734,670000.0,7,Personal,Salaried,1
81800.0,4000.0,686,2270000.0,8,Business,Salaried,1
109200.0,0.0,780,1380000.0,4,Personal,Salaried,1
196100.0,18200.0,419,1790000.0,21,Home,Salaried,0
135600.0,0.0,767,740000.0,3,Education,Self-Employed,1
112900.0,56800.0,754,1670000.0,13,Home,Self-Employed,0
64400.0,5100.0,726,210000.0,9,Education,Salaried,1
145600.0,0.0,770,1120000.0,5,Education,Salaried,0
64100.0,0.0,803,1480000.0,19,Home,Unemployed,0
31400.0,3700.0,489,4280000.0,18,Home,Self-Employed,0
86400.0,51000.0,766,900000.0,7,Personal,Salaried,0
181800.0,58600.0,615,170000.0,3,Business,Salaried,1
178100.0,79300.0,699,920000.0,7,Personal,Salaried,1
159600.0,80600.0,793,1000000.0,17,Home,Salaried,0
162700.0,11600.0,722,3250000.0,22,Home,Salaried,1
182600.0,82500.0,395,2130000.0,3,Business,Self-Employed,0
23400.0,10900.0,683,200000.0,7,Business,Salaried,0
125700.0,16900.0,572,5350000.0,17,Home,Self-Employed,0
43800.0,23200.0,682,1600000.0,11,Home,Salaried,0
150900.0,0.0,688,5550000.0,8,Home,Unemployed,0
104700.0,0.0,454,1120000.0,4,Personal,Salaried,0
182600.0,0.0,735,3350000.0,12,Home,Self-Employed,1
178800.0,0.0,370,720000.0,5,Education,Self-Employed,0
56300.0,32100.0,308,1040000.0,1,Personal,Salaried,0
111500.0,25000.0,698,730000.0,14,Education,Self-Employed,1
161700.0,69100.0,875,1100000.0,13,Education,Salaried,1
57100.0,16200.0,398,7480000.0,24,Home,Salaried,0
24000.0,4000.0,692,1170000.0,9,Business,Unemployed,0
186000.0,0.0,376,160000.0,3,Personal,Salaried,0
72700.0,0.0,703,2550000.0,3,Business,Salaried,1
175600.0,25200.0,738,1390000.0,10,Home,Salaried,1
137500.0,44900.0,785,280000.0,9,Education,Salaried,1
178600.0,86800.0,706,1000000.0,10,Education,Self-Employed,1
133400.0,0.0,728,550000.0,2,Personal,Salaried,1
149200.0,82000.0,687,340000.0,7,Personal,Salaried,0
45100.0,0.0,715,440000.0,13,Education,Self-Employed,1
105500.0,10400.0,792,170000.0,9,Business,Salaried,1
166200.0,44300.0,736,630000.0,8,Education,Self-Employed,1
33000.0,0.0,602,6220000.0,27,Home,Salaried,0
187300.0,104200.0,751,5440000.0,6,Home,Self-Employed,1
140300.0,0.0,655,3970000.0,11,Home,Salaried,1
54600.0,25900.0,663,620000.0,7,Personal,Self-Employed,0
42900.0,3100.0,693,1070000.0,5,Personal,Salaried,1
17000.0,5900.0,719,2350000.0,9,Home,Unemployed,0
173600.0,94700.0,644,1060000.0,10,Education,Self-Employed,0
125400.0,21600.0,472,6710000.0,30,Home,Self-Employed,0
54600.0,16600.0,417,180000.0,3,Education,Salaried,0
47200.0,22300.0,723,560000.0,4,Business,Salaried,0
35400.0,7500.0,505,840000.0,5,Personal,Salaried,0
193200.0,92000.0,830,6220000.0,22,Home,Self-Employed,0
73000.0,0.0,661,2910000.0,4,Business,Salaried,1
42300.0,0.0,629,5060000.0,13,Home,Salaried,0
138000.0,0.0,792,1490000.0,13,Education,Salaried,1
78500.0,8600.0,548,3030000.0,16,Home,Self-Employed,0
180700.0,0.0,787,290000.0,2,Business,Salaried,1
161100.0,80000.0,755,380000.0,11,Education,Salaried,1
72900.0,28900.0,701,620000.0,1,Personal,Self-Employed,1
55100.0,0.0,697,140000.0,14,Education,Self-Employed,1
71900.0,34500.0,464,1170000.0,7,Business,Salaried,0
118500.0,0.0,709,70000.0,13,Education,Salaried,1
51800.0,17000.0,654,1480000.0,1,Business,Salaried,0
93700.0,800.0,751,170000.0,6,Personal,Salaried,1
188900.0,85200.0,842,3530000.0,22,Home,Salaried,0
118500.0,15300.0,720,1500000.0,2,Business,Salaried,1
134600.0,2300.0,473,7730000.0,22,Home,Salaried,0
170000.0,0.0,471,2710000.0,5,Business,Salaried,0
83900.0,1600.0,768,880000.0,3,Personal,Self-Employed,1
41800.0,8800.0,694,1220000.0,3,Personal,Salaried,1
65400.0,2000.0,855,1450000.0,5,Business,Self-Employed,1
68000.0,18400.0,839,1320000.0,4,Business,Salaried,1
198200.0,39300.0,670,510000.0,6,Education,Salaried,1
84600.0,21700.0,716,150000.0,6,Personal,Salaried,1
142800.0,17600.0,739,1090000.0,5,Education,Salaried,1
42300.0,5200.0,871,1280000.0,5,Personal,Salaried,1
77600.0,30600.0,858,1140000.0,7,Education,Self-Employed,1
159700.0,0.0,634,880000.0,12,Education,Self-Employed,1
189600.0,65800.0,736,2520000.0,18,Home,Self-Employed,1
21000.0,5300.0,718,7510000.0,23,Home,Salaried,0
41600.0,0.0,490,700000.0,3,Education,Salaried,0
155200.0,28100.0,386,450000.0,6,Personal,Self-Employed,0
162500.0,75800.0,574,490000.0,12,Education,Salaried,0
24000.0,0.0,607,90000.0,14,Education,Salaried,1
33600.0,0.0,805,1300000.0,5,Personal,Salaried,1
121500.0,61200.0,438,1350000.0,2,Business,Salaried,0
61100.0,10900.0,689,3410000.0,7,Home,Unemployed,0
50500.0,0.0,705,1400000.0,14,Education,Salaried,1
98000.0,23900.0,583,2240000.0,19,Home,Salaried,0
142300.0,0.0,793,2510000.0,1,Business,Salaried,1
180700.0,30400.0,849,270000.0,15,Education,Self-Employed,1
65800.0,7400.0,661,1020000.0,3,Business,Salaried,1
42700.0,0.0,679,620000.0,5,Education,Unemployed,1
153700.0,0.0,639,1490000.0,12,Education,Self-Employed,1
37300.0,22200.0,812,370000.0,2,Personal,Salaried,0
24700.0,9900.0,714,2810000.0,1,Business,Salaried,0
101900.0,45900.0,820,260000.0,5,Business,Salaried,1
189000.0,26200.0,779,6620000.0,10,Home,Salaried,1
184600.0,0.0,729,3940000.0,30,Home,Salaried,1
146900.0,0.0,638,110000.0,3,Personal,Salaried,1
60700.0,0.0,781,390000.0,8,Business,Unemployed,0
61000.0,28800.0,806,2780000.0,1,Business,Salaried,0
185100.0,75300.0,692,7040000.0,7,Home,Salaried,0
162900.0,67300.0,776,460000.0,7,Education,Salaried,1
103300.0,28000.0,617,1900000.0,9,Home,Unemployed,0
98100.0,13900.0,759,640000.0,6,Personal,Salaried,1
21300.0,0.0,596,960000.0,2,Personal,Salaried,0
194700.0,81100.0,687,1330000.0,15,Education,Salaried,1
38700.0,9000.0,664,700000.0,2,Personal,Salaried,0
33200.0,13500.0,674,1320000.0,9,Education,Salaried,0
151100.0,48900.0,861,2710000.0,19,Home,Unemployed,0
170000.0,61100.0,302,710000.0,7,Personal,Salaried,0
83000.0,17400.0,811,320000.0,13,Education,Self-Employed,1
181900.0,69300.0,842,920000.0,8,Education,Self-Employed,1
185200.0,88300.0,696,270000.0,9,Education,Salaried,1
27700.0,0.0,752,1760000.0,3,Business,Salaried,0
72600.0,0.0,402,110000.0,12,Education,Salaried,0
57900.0,28200.0,651,1910000.0,5,Business,Salaried,0
82900.0,12900.0,750,4630000.0,8,Home,Salaried,0
113200.0,0.0,736,1280000.0,2,Personal,Salaried,1
132800.0,12100.0,343,1070000.0,28,Home,Salaried,0
113200.0,0.0,728,1490000.0,3,Personal,Self-Employed,1
32600.0,10900.0,685,480000.0,2,Personal,Self-Employed,1
85000.0,25600.0,410,800000.0,2,Personal,Salaried,0
192400.0,32500.0,487,1170000.0,4,Education,Self-Employed,0
135800.0,11500.0,502,1840000.0,11,Home,Salaried,0
20500.0,3100.0,858,460000.0,10,Education,Self-Employed,1
174200.0,86300.0,743,1470000.0,3,Personal,Salaried,0
108600.0,47900.0,664,670000.0,4,Personal,Self-Employed,0
23700.0,2800.0,691,4580000.0,11,Home,Self-Employed,0
20700.0,0.0,815,1350000.0,5,Personal,Salaried,0
42400.0,20600.0,781,1160000.0,3,Education,Salaried,0
93300.0,0.0,835,2590000.0,3,Business,Salaried,1
106300.0,0.0,814,2030000.0,20,Home,Self-Employed,1
131400.0,0.0,528,1130000.0,7,Personal,Salaried,0
58600.0,33900.0,858,650000.0,9,Business,Salaried,0
146800.0,59300.0,482,2180000.0,10,Home,Unemployed,0
73200.0,0.0,762,630000.0,4,Personal,Salaried,1
91400.0,20300.0,569,1350000.0,5,Personal,Self-Employed,0
26100.0,9500.0,329,1380000.0,14,Education,Salaried,0
112200.0,46600.0,722,2230000.0,1,Business,Salaried,0
82900.0,40900.0,777,5090000.0,16,Home,Self-Employed,0
96300.0,29300.0,845,530000.0,2,Personal,Salaried,1
13700.0,2400.0,806,170000.0,5,Business,Self-Employed,0
89500.0,53500.0,711,5140000.0,20,Home,Self-Employed,1
123900.0,50500.0,694,940000.0,5,Personal,Salaried,1
107700.0,0.0,511,210000.0,10,Education,Salaried,0
130400.0,57400.0,728,2990000.0,5,Business,Salaried,0
71400.0,0.0,749,1220000.0,1,Personal,Salaried,1
178900.0,42800.0,309,3500000.0,22,Home,Salaried,0
114300.0,57200.0,628,360000.0,5,Personal,Salaried,1
163200.0,29900.0,437,5140000.0,28,Home,Self-Employed,0
90200.0,0.0,831,690000.0,3,Personal,Salaried,1
20600.0,4800.0,627,1340000.0,7,Personal,Salaried,0
194000.0,34100.0,778,1940000.0,19,Home,Salaried,1
119100.0,34300.0,584,220000.0,10,Education,Salaried,0
130600.0,29200.0,603,430000.0,3,Personal,Salaried,1
123900.0,36000.0,846,860000.0,9,Education,Salaried,1
188700.0,89100.0,688,550000.0,12,Education,Salaried,1
187300.0,0.0,804,460000.0,1,Business,Salaried,1
133700.0,63600.0,685,7260000.0,14,Home,Unemployed,0
53900.0,5500.0,504,820000.0,8,Education,Salaried,1
66000.0,0.0,649,1250000.0,5,Personal,Unemployed,0
135800.0,0.0,316,5880000.0,20,Home,Salaried,0
99100.0,45900.0,730,2350000.0,16,Home,Self-Employed,0
44100.0,8100.0,693,1080000.0,8,Education,Salaried,1
73600.0,3700.0,691,110000.0,7,Personal,Unemployed,0
29400.0,5400.0,778,980000.0,8,Education,Salaried,1
111400.0,0.0,631,1190000.0,10,Education,Salaried,1
196200.0,30600.0,450,100000.0,6,Education,Self-Employed,0
35500.0,1800.0,759,380000.0,6,Personal,Salaried,1
19000.0,6100.0,826,1010000.0,30,Home,Salaried,0
65600.0,7200.0,686,450000.0,5,Business,Salaried,1
149000.0,72000.0,627,4730000.0,8,Home,Unemployed,0
64500.0,3400.0,772,2810000.0,10,Business,Salaried,1
54200.0,0.0,742,410000.0,4,Personal,Unemployed,0
182300.0,64300.0,591,210000.0,1,Business,Salaried,0
120600.0,16900.0,477,290000.0,14,Education,Salaried,0
66600.0,26000.0,771,1590000.0,9,Business,Self-Employed,0
94400.0,49700.0,522,1050000.0,10,Business,Salaried,0
151500.0,0.0,642,3810000.0,23,Home,Unemployed,0
68300.0,26200.0,412,150000.0,1,Personal,Self-Employed,0
61400.0,3600.0,831,670000.0,15,Education,Unemployed,1
31700.0,4100.0,727,1090000.0,7,Business,Unemployed,0
120700.0,71400.0,319,1420000.0,3,Personal,Self-Employed,0
128000.0,0.0,480,960000.0,2,Personal,Self-Employed,0
20800.0,7000.0,708,700000.0,6,Business,Salaried,0
113200.0,49000.0,302,1260000.0,8,Education,Self-Employed,0
151900.0,22000.0,574,2880000.0,9,Business,Salaried,0
133500.0,9700.0,600,270000.0,9,Business,Salaried,1
146800.0,28900.0,374,1080000.0,2,Personal,Self-Employed,0
161500.0,19900.0,641,690000.0,6,Education,Unemployed,1
51300.0,19000.0,746,1680000.0,7,Business,Salaried,0
58300.0,30100.0,359,760000.0,5,Education,Salaried,0
66600.0,27100.0,639,780000.0,2,Personal,Salaried,1
172800.0,43700.0,700,540000.0,12,Home,Salaried,1
59900.0,25300.0,595,180000.0,6,Personal,Salaried,0
50500.0,24800.0,402,440000.0,8,Education,Self-Employed,0
117300.0,34500.0,675,750000.0,2,Personal,Salaried,1
60700.0,4200.0,666,500000.0,2,Personal,Salaried,1
20400.0,3200.0,827,2590000.0,1,Business,Salaried,0
155500.0,57300.0,676,2900000.0,16,Home,Salaried,0
156200.0,83700.0,720,3900000.0,11,Home,Self-Employed,1
192500.0,0.0,776,2530000.0,5,Business,Self-Employed,1
190100.0,86700.0,426,330000.0,4,Personal,Salaried,0
53800.0,13100.0,713,1250000.0,4,Education,Unemployed,1
129100.0,73700.0,795,1310000.0,1,Personal,Self-Employed,0
77600.0,0.0,530,1010000.0,10,Home,Salaried,0
126900.0,0.0,715,550000.0,29,Home,Self-Employed,1
141700.0,71300.0,734,260000.0,3,Personal,Salaried,1
132900.0,38500.0,626,5260000.0,9,Home,Self-Employed,0
99500.0,43900.0,773,1480000.0,12,Education,Salaried,0
26700.0,4800.0,681,2490000.0,27,Home,Salaried,0
30700.0,11500.0,684,4440000.0,8,Home,Salaried,0
14300.0,3800.0,607,7470000.0,29,Home,Salaried,1
56500.0,0.0,639,880000.0,6,Education,Self-Employed,1
99400.0,1800.0,670,520000.0,7,Personal,Salaried,1
98700.0,5300.0,595,690000.0,2,Personal,Salaried,0
83600.0,25500.0,463,4220000.0,10,Home,Salaried,0
185300.0,0.0,785,1500000.0,4,Education,Salaried,1
13200.0,1900.0,863,1240000.0,7,Personal,Salaried,0
39100.0,400.0,663,4910000.0,29,Home,Salaried,0
69400.0,0.0,718,300000.0,5,Personal,Salaried,0
129600.0,17500.0,705,5390000.0,24,Home,Salaried,0
139300.0,28800.0,738,550000.0,4,Personal,Unemployed,1
137500.0,76700.0,800,280000.0,4,Personal,Salaried,0
144200.0,0.0,521,840000.0,9,Business,Unemployed,0
99200.0,0.0,425,880000.0,8,Business,Salaried,0
135600.0,0.0,327,740000.0,14,Home,Salaried,0
68500.0,23500.0,727,6680000.0,11,Home,Salaried,0
159700.0,0.0,676,3780000.0,19,Home,Self-Employed,1
34000.0,10800.0,710,250000.0,7,Personal,Salaried,0
49500.0,0.0,772,1300000.0,3,Personal,Unemployed,0
155100.0,1900.0,699,1200000.0,6,Personal,Self-Employed,1
123600.0,200.0,779,1750000.0,2,Business,Salaried,1
12500.0,6400.0,734,1120000.0,2,Personal,Salaried,0
49900.0,24900.0,841,4830000.0,19,Home,Self-Employed,0
113900.0,0.0,873,1430000.0,7,Personal,Salaried,1
60500.0,1800.0,503,2920000.0,9,Business,Salaried,0
34300.0,17200.0,320,1220000.0,7,Home,Salaried,0
74000.0,25500.0,337,80000.0,13,Education,Self-Employed,0
50200.0,0.0,706,690000.0,4,Personal,Salaried,1
179400.0,43500.0,766,190000.0,11,Education,Salaried,1
144800.0,8000.0,829,990000.0,5,Personal,Self-Employed,1
40100.0,0.0,728,780000.0,4,Education,Unemployed,1
99900.0,0.0,857,650000.0,5,Education,Unemployed,1
97400.0,5100.0,878,4700000.0,9,Home,Salaried,1
33800.0,1400.0,747,520000.0,12,Education,Salaried,0
18000.0,1900.0,709,170000.0,2,Business,Salaried,1
98200.0,42600.0,652,7880000.0,9,Home,Salaried,0
28800.0,15600.0,478,130000.0,7,Business,Salaried,0
165200.0,0.0,488,500000.0,14,Education,Salaried,1
180000.0,0.0,664,970000.0,9,Education,Self-Employed,1
28600.0,6300.0,787,1480000.0,6,Personal,Salaried,0
77700.0,0.0,892,4510000.0,10,Home,Salaried,0
35700.0,20400.0,871,780000.0,7,Personal,Self-Employed,0
187200.0,0.0,513,900000.0,2,Business,Unemployed,0
88800.0,27200.0,497,950000.0,8,Business,Self-Employed,0
132200.0,2900.0,327,4330000.0,21,Home,Salaried,0
35600.0,5800.0,606,1100000.0,14,Education,Unemployed,1
40400.0,15400.0,451,6130000.0,10,Home,Unemployed,0
87100.0,41900.0,622,1430000.0,26,Home,Salaried,0
114800.0,10100.0,805,1340000.0,5,Business,Self-Employed,1
174400.0,0.0,727,450000.0,15,Education,Salaried,1
88200.0,0.0,801,1230000.0,1,Personal,Unemployed,0
81800.0,36800.0,768,2350000.0,5,Home,Self-Employed,0
126900.0,0.0,794,800000.0,3,Business,Salaried,1
23000.0,13800.0,740,1700000.0,10,Business,Salaried,0
163800.0,1300.0,836,1230000.0,2,Personal,Salaried,1
122900.0,48100.0,782,400000.0,7,Business,Self-Employed,1
188700.0,69800.0,605,4300000.0,8,Home,Self-Employed,0
131600.0,0.0,697,60000.0,4,Education,Self-Employed,1
75500.0,5400.0,649,1630000.0,8,Business,Salaried,1
158500.0,5300.0,631,640000.0,4,Personal,Salaried,0
100400.0,0.0,659,910000.0,7,Personal,Self-Employed,1
104200.0,12400.0,666,1400000.0,7,Business,Salaried,1
13300.0,0.0,756,1080000.0,3,Personal,Self-Employed,0
106100.0,41500.0,682,2420000.0,3,Business,Self-Employed,0
42500.0,0.0,597,2980000.0,10,Business,Unemployed,0
171200.0,68500.0,787,2080000.0,6,Business,Salaried,1
171700.0,0.0,774,1320000.0,2,Personal,Salaried,1
169700.0,0.0,397,40000.0,1,Personal,Self-Employed,0
188900.0,0.0,673,1180000.0,7,Education,Salaried,1
174800.0,30300.0,425,350000.0,1,Personal,Self-Employed,0
124900.0,0.0,379,370000.0,2,Personal,Self-Employed,0
147300.0,0.0,873,1060000.0,4,Personal,Salaried,1
175100.0,34700.0,623,520000.0,5,Home,Salaried,1
91100.0,0.0,723,1220000.0,15,Education,Unemployed,1
58400.0,26100.0,327,830000.0,1,Personal,Salaried,0
30500.0,6800.0,723,1090000.0,5,Business,Salaried,0
164700.0,22400.0,645,1190000.0,4,Personal,Self-Employed,1
91500.0,7800.0,712,90000.0,6,Education,Self-Employed,1
84200.0,33000.0,749,770000.0,1,Business,Salaried,1
196000.0,91300.0,374,310000.0,5,Business,Salaried,0
138300.0,13400.0,674,1140000.0,13,Education,Self-Employed,1
47000.0,8500.0,707,2380000.0,5,Home,Self-Employed,0
39000.0,0.0,476,2830000.0,4,Business,Self-Employed,0
142000.0,10700.0,407,1560000.0,8,Business,Salaried,0
142500.0,0.0,836,2980000.0,10,Business,Self-Employed,1
74900.0,10600.0,784,5650000.0,24,Home,Salaried,0
90600.0,49200.0,713,2860000.0,1,Business,Salaried,0
22900.0,8200.0,764,550000.0,5,Education,Salaried,0
174200.0,81700.0,801,730000.0,7,Personal,Salaried,1
50800.0,5400.0,336,1270000.0,29,Home,Salaried,0
134400.0,48900.0,326,580000.0,5,Business,Self-Employed,0
62400.0,21600.0,699,1410000.0,9,Education,Salaried,0
173000.0,3100.0,706,1440000.0,5,Personal,Salaried,1
196100.0,79800.0,796,120000.0,5,Personal,Salaried,0
178100.0,0.0,501,150000.0,2,Personal,Salaried,0
140800.0,0.0,658,300000.0,7,Personal,Self-Employed,1
82800.0,5600.0,339,450000.0,10,Education,Unemployed,0
13000.0,4400.0,776,2940000.0,6,Home,Unemployed,0
127200.0,0.0,762,370000.0,12,Education,Self-Employed,1
198400.0,64400.0,818,440000.0,7,Business,Self-Employed,1
157200.0,0.0,796,1090000.0,4,Personal,Salaried,1
97300.0,37600.0,660,760000.0,12,Education,Self-Employed,1
147900.0,48500.0,562,1130000.0,8,Education,Salaried,0
114600.0,63400.0,800,280000.0,1,Personal,Salaried,0
158000.0,0.0,359,80000.0,3,Personal,Unemployed,0
44600.0,25600.0,651,1440000.0,2,Personal,Salaried,0
82400.0,16400.0,314,940000.0,6,Personal,Salaried,0
161700.0,3200.0,445,1230000.0,15,Education,Salaried,0
153900.0,80800.0,671,7390000.0,23,Home,Self-Employed,0
17000.0,7600.0,357,220000.0,7,Personal,Self-Employed,0
177400.0,83000.0,702,1370000.0,12,Education,Salaried,1
34200.0,10200.0,719,2820000.0,16,Home,Unemployed,0
84200.0,43800.0,734,1360000.0,3,Personal,Unemployed,0
46000.0,19400.0,698,1090000.0,2,Personal,Salaried,0
40400.0,0.0,704,610000.0,5,Education,Salaried,1
164000.0,400.0,753,2650000.0,5,Business,Salaried,1
47900.0,0.0,760,6950000.0,16,Home,Salaried,1
147300.0,51400.0,668,1270000.0,5,Personal,Salaried,1
98700.0,27600.0,393,2250000.0,3,Business,Unemployed,0
56400.0,0.0,756,1060000.0,5,Personal,Salaried,1
194200.0,63200.0,710,5260000.0,23,Home,Self-Employed,0
154400.0,91400.0,625,7040000.0,6,Home,Self-Employed,0
137100.0,0.0,814,1070000.0,9,Business,Self-Employed,1
111700.0,0.0,858,510000.0,9,Education,Self-Employed,1
160200.0,48800.0,636,1800000.0,3,Business,Salaried,1
131900.0,29500.0,702,4670000.0,10,Home,Self-Employed,0
32000.0,14000.0,748,290000.0,7,Education,Salaried,1
155000.0,0.0,623,2840000.0,3,Business,Salaried,1
119100.0,800.0,763,660000.0,5,Education,Salaried,1
89100.0,49100.0,507,250000.0,10,Business,Salaried,0
101700.0,2400.0,744,870000.0,29,Home,Salaried,1
155400.0,16600.0,798,1200000.0,23,Home,Salaried,1
90900.0,28800.0,753,500000.0,3,Personal,Self-Employed,1
22300.0,0.0,397,730000.0,9,Business,Self-Employed,0
119600.0,12400.0,623,1250000.0,13,Education,Salaried,1
50700.0,0.0,706,590000.0,30,Home,Self-Employed,1
193400.0,108900.0,702,450000.0,7,Education,Self-Employed,0
99200.0,23100.0,844,7210000.0,29,Home,Salaried,1
125600.0,73500.0,519,6570000.0,20,Home,Self-Employed,0
115500.0,6000.0,454,870000.0,5,Education,Salaried,0
43700.0,11700.0,676,6260000.0,10,Home,Salaried,0
75000.0,37100.0,713,1150000.0,3,Education,Salaried,0
81500.0,41200.0,733,110000.0,14,Education,Self-Employed,1
150000.0,58800.0,300,3040000.0,21,Home,Salaried,0
189400.0,44400.0,688,910000.0,3,Education,Salaried,1
53400.0,8400.0,684,1270000.0,6,Personal,Salaried,1
97700.0,0.0,678,700000.0,4,Personal,Salaried,1
96900.0,49800.0,364,640000.0,4,Personal,Salaried,0
88000.0,0.0,495,1170000.0,5,Business,Self-Employed,0
165500.0,0.0,837,250000.0,4,Personal,Salaried,1
32700.0,0.0,599,3910000.0,22,Home,Salaried,0
80300.0,0.0,691,100000.0,14,Education,Unemployed,1
123300.0,2000.0,711,360000.0,9,Education,Unemployed,1
37500.0,0.0,815,730000.0,5,Personal,Salaried,1
157000.0,61000.0,663,1150000.0,6,Personal,Self-Employed,1
153300.0,18800.0,650,790000.0,5,Personal,Salaried,1
16500.0,0.0,748,2560000.0,5,Business,Unemployed,0
142600.0,55400.0,778,6240000.0,22,Home,Self-Employed,0
85500.0,3100.0,777,1780000.0,1,Business,Salaried,1
107700.0,43500.0,729,1700000.0,8,Home,Self-Employed,0
193600.0,0.0,667,360000.0,1,Business,Self-Employed,1
44300.0,4200.0,761,830000.0,13,Education,Self-Employed,1
56600.0,23300.0,760,200000.0,3,Personal,Self-Employed,1
198900.0,7600.0,729,650000.0,6,Business,Salaried,1
63100.0,19400.0,753,2340000.0,6,Home,Unemployed,0
113300.0,34100.0,396,580000.0,6,Personal,Salaried,0
76600.0,26700.0,821,890000.0,17,Home,Self-Employed,1
121200.0,0.0,802,790000.0,8,Education,Self-Employed,0
33500.0,12000.0,747,220000.0,1,Business,Self-Employed,1
180900.0,0.0,647,250000.0,2,Personal,Salaried,1
134400.0,0.0,510,1050000.0,1,Business,Salaried,0
109100.0,63200.0,345,980000.0,6,Personal,Salaried,0
12400.0,0.0,767,1330000.0,4,Personal,Salaried,0
88400.0,29600.0,799,2300000.0,8,Home,Self-Employed,0
91200.0,48300.0,663,6520000.0,17,Home,Unemployed,0
74800.0,36900.0,568,1840000.0,28,Home,Self-Employed,0
135600.0,33200.0,623,7450000.0,12,Home,Salaried,0
115600.0,31300.0,531,940000.0,24,Home,Salaried,0
184600.0,41600.0,778,2100000.0,1,Business,Salaried,1
91900.0,4400.0,711,3250000.0,13,Home,Self-Employed,1
167500.0,88200.0,643,3140000.0,27,Home,Self-Employed,0
81500.0,0.0,645,670000.0,3,Business,Salaried,1
163700.0,61400.0,679,140000.0,3,Personal,Salaried,1
172800.0,18100.0,844,640000.0,9,Business,Unemployed,0
118000.0,27200.0,854,7610000.0,23,Home,Unemployed,0
76800.0,27200.0,450,6660000.0,23,Home,Salaried,0
153300.0,0.0,399,4360000.0,27,Home,Salaried,0
158800.0,11600.0,651,4420000.0,30,Home,Salaried,1
49600.0,5600.0,620,7930000.0,17,Home,Salaried,1
66400.0,39000.0,833,250000.0,5,Personal,Self-Employed,0
69300.0,9400.0,680,1410000.0,1,Personal,Unemployed,0
109100.0,21000.0,510,720000.0,1,Personal,Salaried,0
168600.0,16200.0,838,490000.0,1,Business,Self-Employed,1
46300.0,6400.0,719,3700000.0,24,Home,Salaried,0
61100.0,0.0,826,870000.0,7,Personal,Self-Employed,1
173200.0,13700.0,717,570000.0,6,Personal,Self-Employed,1
88900.0,0.0,690,1490000.0,5,Business,Self-Employed,1
161500.0,25000.0,687,1450000.0,6,Personal,Salaried,1
30200.0,8900.0,650,770000.0,8,Education,Self-Employed,1
120200.0,69700.0,690,1900000.0,10,Business,Salaried,0
108900.0,30000.0,770,1220000.0,7,Personal,Salaried,1
65900.0,30800.0,589,1140000.0,11,Education,Self-Employed,0
71300.0,41400.0,798,3600000.0,7,Home,Self-Employed,0
130400.0,0.0,803,1460000.0,1,Personal,Self-Employed,1
43300.0,9000.0,701,7790000.0,6,Home,Unemployed,0
78600.0,16300.0,769,1220000.0,3,Personal,Salaried,1
147000.0,59000.0,755,2770000.0,1,Business,Salaried,0
65600.0,35100.0,479,1020000.0,5,Business,Salaried,0
199000.0,110200.0,644,170000.0,11,Education,Unemployed,1
86000.0,48500.0,669,3290000.0,22,Home,Salaried,0
142400.0,38000.0,644,520000.0,12,Education,Self-Employed,1
83800.0,35700.0,660,380000.0,6,Personal,Unemployed,0
47700.0,0.0,802,4270000.0,21,Home,Salaried,0
107100.0,0.0,878,220000.0,3,Business,Salaried,0
127600.0,55300.0,815,440000.0,2,Personal,Salaried,1
183200.0,0.0,625,4530000.0,22,Home,Self-Employed,1
162500.0,64200.0,752,80000.0,4,Personal,Salaried,1
70900.0,20000.0,718,2540000.0,27,Home,Salaried,0
192200.0,61300.0,493,2760000.0,4,Business,Self-Employed,0
152200.0,0.0,769,880000.0,4,Personal,Salaried,1
199600.0,48800.0,763,1770000.0,1,Business,Self-Employed,1
84300.0,0.0,637,740000.0,5,Personal,Salaried,1
85000.0,16900.0,398,90000.0,4,Personal,Salaried,0
36300.0,14000.0,709,1260000.0,5,Personal,Salaried,0
52700.0,3700.0,789,380000.0,1,Personal,Salaried,1
61300.0,7400.0,489,4760000.0,27,Home,Salaried,0
120000.0,0.0,310,5170000.0,22,Home,Self-Employed,0
99100.0,0.0,533,5460000.0,13,Home,Self-Employed,0
65700.0,23800.0,831,2190000.0,7,Home,Salaried,0
34700.0,8100.0,727,450000.0,7,Personal,Self-Employed,1
88400.0,0.0,759,270000.0,10,Education,Salaried,1
88600.0,51500.0,790,1270000.0,3,Personal,Salaried,0
67700.0,0.0,708,1380000.0,1,Personal,Salaried,1
23800.0,400.0,658,60000.0,10,Education,Self-Employed,1
164100.0,5300.0,735,580000.0,2,Personal,Salaried,1
123100.0,41900.0,699,420000.0,6,Personal,Salaried,1
72100.0,0.0,445,500000.0,4,Personal,Self-Employed,0
187300.0,59700.0,772,470000.0,6,Personal,Self-Employed,1
85000.0,12000.0,478,4210000.0,25,Home,Salaried,0
191500.0,53900.0,856,2980000.0,8,Business,Salaried,1
57900.0,22300.0,648,920000.0,4,Personal,Salaried,1
165700.0,60000.0,783,1500000.0,23,Home,Salaried,1
19500.0,0.0,380,2310000.0,7,Business,Salaried,0
173600.0,26900.0,828,1900000.0,3,Business,Salaried,1
20800.0,2300.0,672,1490000.0,4,Education,Self-Employed,0
162100.0,28500.0,682,5450000.0,24,Home,Salaried,1
13700.0,2700.0,620,6820000.0,27,Home,Self-Employed,0
186100.0,63500.0,614,1700000.0,4,Business,Salaried,1
85900.0,12700.0,654,1140000.0,6,Personal,Self-Employed,1
104600.0,13700.0,403,5940000.0,27,Home,Unemployed,0
68200.0,37900.0,661,1150000.0,4,Business,Salaried,0
70900.0,33900.0,680,1100000.0,1,Personal,Salaried,0
36900.0,400.0,710,1180000.0,8,Education,Self-Employed,1
37900.0,100.0,507,140000.0,1,Business,Salaried,0
107600.0,0.0,786,2840000.0,5,Business,Salaried,1
96200.0,28000.0,628,1390000.0,5,Personal,Salaried,1
169700.0,0.0,449,320000.0,10,Business,Self-Employed,0
151100.0,0.0,303,920000.0,4,Business,Salaried,0
94100.0,7400.0,739,2690000.0,2,Business,Self-Employed,1
122100.0,0.0,751,5450000.0,8,Home,Self-Employed,1
75800.0,200.0,759,680000.0,14,Education,Salaried,1
48300.0,15400.0,534,2750000.0,25,Home,Salaried,0
152300.0,5900.0,722,510000.0,3,Business,Self-Employed,1
135600.0,0.0,701,240000.0,2,Business,Salaried,1
60000.0,14400.0,864,5000000.0,13,Home,Self-Employed,0
141100.0,48000.0,657,1030000.0,6,Education,Salaried,1
86300.0,43500.0,813,1310000.0,7,Business,Salaried,0
72700.0,0.0,758,630000.0,3,Personal,Salaried,1
153300.0,45400.0,853,840000.0,7,Business,Salaried,1
110500.0,52200.0,728,230000.0,6,Personal,Salaried,1
78300.0,7200.0,515,410000.0,7,Personal,Salaried,0
12900.0,0.0,350,1280000.0,9,Business,Unemployed,0
55900.0,15800.0,611,60000.0,2,Personal,Salaried,1
68100.0,0.0,662,980000.0,1,Personal,Self-Employed,1
113600.0,0.0,867,1180000.0,7,Education,Self-Employed,1
120700.0,31400.0,742,4970000.0,23,Home,Salaried,0
75300.0,12100.0,702,2530000.0,5,Home,Self-Employed,1
78500.0,0.0,721,1480000.0,1,Personal,Salaried,1
191200.0,77600.0,446,1920000.0,9,Business,Self-Employed,1
146800.0,13000.0,514,2420000.0,2,Business,Salaried,0
64700.0,0.0,656,2840000.0,6,Home,Salaried,1
100600.0,27800.0,847,430000.0,5,Business,Self-Employed,1
198800.0,86100.0,722,2290000.0,3,Business,Self-Employed,1
109800.0,33900.0,326,660000.0,6,Education,Self-Employed,0
179600.0,69300.0,699,5170000.0,13,Home,Salaried,0
67000.0,4000.0,348,110000.0,7,Business,Self-Employed,0
132700.0,29600.0,432,7200000.0,29,Home,Self-Employed,0
39600.0,8600.0,686,5170000.0,23,Home,Salaried,0
56300.0,4900.0,634,1910000.0,10,Business,Unemployed,1
54900.0,18900.0,791,6220000.0,18,Home,Self-Employed,0
146300.0,39300.0,732,1220000.0,10,Education,Self-Employed,1
160700.0,30300.0,726,1480000.0,11,Education,Salaried,1
152800.0,6100.0,688,920000.0,5,Personal,Self-Employed,1
126400.0,0.0,705,850000.0,11,Education,Salaried,1
110700.0,0.0,471,1260000.0,3,Business,Salaried,0
45900.0,0.0,741,1930000.0,6,Business,Self-Employed,1
118600.0,0.0,701,990000.0,7,Personal,Salaried,1
17000.0,0.0,704,5860000.0,24,Home,Self-Employed,1
122200.0,57100.0,642,840000.0,2,Personal,Salaried,1
126200.0,3500.0,601,1520000.0,8,Business,Self-Employed,1
159200.0,0.0,347,1130000.0,8,Business,Self-Employed,1
151100.0,0.0,464,2650000.0,2,Business,Salaried,0
140100.0,0.0,822,570000.0,13,Education,Self-Employed,1
139000.0,0.0,765,910000.0,1,Business,Self-Employed,1
26400.0,14100.0,462,5760000.0,29,Home,Salaried,0
161100.0,0.0,728,3830000.0,15,Home,Unemployed,0
158000.0,70500.0,711,2630000.0,10,Business,Self-Employed,0
38700.0,7000.0,676,660000.0,3,Personal,Self-Employed,1
67200.0,0.0,504,1330000.0,7,Business,Salaried,0
53000.0,10200.0,722,1000000.0,7,Personal,Salaried,1
144800.0,79100.0,754,780000.0,9,Business,Salaried,0
37700.0,0.0,698,5790000.0,14,Home,Self-Employed,0
68400.0,40700.0,731,5200000.0,13,Home,Salaried,0
16500.0,2100.0,701,1470000.0,5,Business,Self-Employed,0
130900.0,22300.0,746,420000.0,5,Personal,Salaried,1
75300.0,0.0,319,1010000.0,4,Personal,Salaried,0
189200.0,0.0,784,470000.0,3,Personal,Self-Employed,1
23000.0,11300.0,720,1400000.0,1,Business,Self-Employed,0
147200.0,35800.0,886,7780000.0,29,Home,Salaried,0
172300.0,96400.0,768,4890000.0,27,Home,Salaried,0
47500.0,13100.0,699,640000.0,4,Personal,Salaried,1
70900.0,10200.0,843,80000.0,7,Personal,Salaried,1
143400.0,52800.0,615,7910000.0,28,Home,Salaried,0
179500.0,66500.0,718,1410000.0,2,Business,Salaried,1
87900.0,1400.0,670,1290000.0,4,Education,Salaried,1
93600.0,48800.0,605,1690000.0,4,Business,Unemployed,0
24500.0,11000.0,749,7200000.0,25,Home,Salaried,0
103400.0,52800.0,624,5060000.0,5,Home,Self-Employed,0
45600.0,0.0,769,1470000.0,15,Education,Salaried,1
60100.0,17300.0,824,380000.0,3,Education,Unemployed,1
24400.0,0.0,769,5720000.0,16,Home,Unemployed,0
49200.0,3400.0,738,810000.0,10,Education,Salaried,1
37200.0,6500.0,680,690000.0,13,Education,Salaried,1
21700.0,4900.0,627,1050000.0,4,Personal,Salaried,0
121500.0,68400.0,710,820000.0,2,Personal,Salaried,0
115100.0,6700.0,705,800000.0,4,Personal,Salaried,1
169700.0,55800.0,335,670000.0,12,Education,Self-Employed,0
147600.0,23300.0,658,3530000.0,6,Home,Unemployed,0
106400.0,0.0,472,520000.0,6,Personal,Salaried,1
38000.0,2200.0,645,640000.0,10,Education,Unemployed,0
72100.0,6100.0,806,670000.0,6,Education,Salaried,1
172300.0,3300.0,809,4900000.0,10,Home,Salaried,1
38300.0,22100.0,776,1280000.0,1,Personal,Salaried,0
51300.0,5900.0,697,800000.0,4,Education,Salaried,1
124400.0,64200.0,690,2120000.0,10,Home,Salaried,0
68000.0,32400.0,738,670000.0,6,Education,Self-Employed,0
121700.0,31900.0,755,950000.0,7,Personal,Self-Employed,1
115400.0,12300.0,667,640000.0,15,Education,Self-Employed,1
196600.0,96000.0,612,4160000.0,17,Home,Unemployed,0
176000.0,65400.0,683,440000.0,15,Education,Self-Employed,1
171600.0,16400.0,494,7620000.0,29,Home,Salaried,0
75600.0,31700.0,705,1150000.0,15,Education,Self-Employed,0
41000.0,22400.0,701,1390000.0,5,Education,Self-Employed,0
41500.0,16100.0,537,1130000.0,11,Education,Salaried,0
188800.0,62100.0,709,1020000.0,3,Education,Salaried,1
113200.0,31900.0,744,1140000.0,7,Personal,Salaried,1
78600.0,44600.0,703,1180000.0,6,Personal,Salaried,0
58000.0,7200.0,609,2100000.0,1,Business,Salaried,1
91600.0,30400.0,732,250000.0,14,Education,Salaried,1
196100.0,0.0,658,6260000.0,30,Home,Salaried,1
132800.0,0.0,876,1940000.0,7,Business,Salaried,1
88200.0,0.0,630,250000.0,12,Education,Salaried,1
86300.0,26200.0,879,210000.0,13,Education,Salaried,1
118600.0,29200.0,306,2080000.0,9,Business,Self-Employed,0
32900.0,7700.0,783,880000.0,4,Education,Salaried,1
63200.0,28900.0,666,2540000.0,13,Home,Salaried,0
135500.0,55700.0,627,230000.0,10,Business,Self-Employed,1
23700.0,6200.0,597,1490000.0,11,Education,Salaried,0
65200.0,23100.0,780,240000.0,5,Business,Salaried,1
19300.0,9600.0,707,1390000.0,22,Home,Self-Employed,0
125200.0,10800.0,492,410000.0,6,Personal,Self-Employed,0
179000.0,0.0,658,670000.0,14,Education,Salaried,1
188600.0,23200.0,609,510000.0,4,Personal,Salaried,1
33800.0,0.0,626,1030000.0,7,Personal,Self-Employed,1
99200.0,0.0,834,4670000.0,25,Home,Salaried,1
170000.0,64500.0,824,1400000.0,1,Personal,Salaried,1
101600.0,29900.0,709,5040000.0,12,Home,Unemployed,0
131800.0,76800.0,700,1180000.0,3,Personal,Salaried,0
65400.0,27900.0,691,2990000.0,18,Home,Salaried,0
46900.0,15400.0,384,3000000.0,3,Business,Unemployed,0
180000.0,68400.0,767,290000.0,8,Business,Self-Employed,1
184000.0,43100.0,735,1430000.0,6,Education,Salaried,1
123100.0,54000.0,693,1010000.0,4,Personal,Salaried,1
67700.0,40200.0,768,710000.0,9,Education,Self-Employed,0
16900.0,100.0,600,480000.0,13,Education,Salaried,1
13000.0,0.0,847,650000.0,2,Personal,Self-Employed,0
31300.0,18200.0,402,1670000.0,1,Business,Self-Employed,0
112800.0,27600.0,767,210000.0,7,Personal,Salaried,1
38900.0,4100.0,577,2580000.0,15,Home,Salaried,0
125900.0,2400.0,598,6130000.0,13,Home,Salaried,0
179300.0,12400.0,755,1240000.0,7,Personal,Salaried,1
189400.0,0.0,750,910000.0,3,Education,Unemployed,1
132200.0,0.0,720,2940000.0,10,Business,Salaried,1
186200.0,8100.0,325,2660000.0,27,Home,Salaried,0
127300.0,0.0,777,6210000.0,8,Home,Salaried,1
116500.0,0.0,814,240000.0,3,Education,Salaried,1
53700.0,31600.0,764,690000.0,12,Home,Salaried,0
30300.0,0.0,822,680000.0,2,Personal,Self-Employed,1
14600.0,0.0,848,2750000.0,6,Business,Salaried,0
15900.0,0.0,818,50000.0,9,Education,Self-Employed,1
21200.0,11400.0,788,1340000.0,7,Business,Salaried,0
91000.0,24700.0,712,90000.0,4,Personal,Salaried,1
186200.0,62600.0,820,270000.0,6,Business,Salaried,1
48600.0,0.0,647,930000.0,4,Personal,Salaried,1
169400.0,0.0,788,1230000.0,11,Education,Salaried,1
38500.0,4900.0,778,2550000.0,19,Home,Salaried,0
74200.0,38900.0,689,540000.0,10,Education,Salaried,0
168800.0,38400.0,648,690000.0,2,Personal,Salaried,1
39100.0,0.0,681,1860000.0,12,Home,Salaried,1
185300.0,43000.0,584,1250000.0,12,Education,Self-Employed,0
141700.0,37600.0,682,1680000.0,9,Home,Unemployed,0
88600.0,40900.0,389,380000.0,2,Personal,Salaried,0
101300.0,0.0,664,470000.0,6,Business,Self-Employed,1
55400.0,1500.0,837,3190000.0,10,Home,Salaried,0
122000.0,17500.0,699,750000.0,10,Business,Salaried,1
133500.0,46600.0,626,240000.0,7,Personal,Salaried,1
24000.0,0.0,741,50000.0,10,Education,Self-Employed,1
65700.0,0.0,862,1530000.0,12,Home,Salaried,1
100100.0,0.0,617,1060000.0,5,Business,Self-Employed,1
95500.0,0.0,682,1150000.0,6,Education,Self-Employed,1
138000.0,0.0,708,660000.0,1,Personal,Unemployed,0
154800.0,2500.0,732,2480000.0,6,Business,Self-Employed,1
25900.0,0.0,638,130000.0,1,Personal,Salaried,1
130300.0,33400.0,639,680000.0,8,Business,Salaried,1
25500.0,12500.0,680,790000.0,9,Education,Salaried,0
65800.0,12300.0,591,2260000.0,8,Business,Salaried,0
113100.0,0.0,670,5730000.0,11,Home,Salaried,1
135800.0,31000.0,636,1490000.0,9,Business,Salaried,1
116100.0,0.0,692,140000.0,3,Personal,Salaried,1
30500.0,15900.0,500,1730000.0,18,Home,Salaried,0
174800.0,0.0,392,6540000.0,20,Home,Salaried,0
76900.0,0.0,422,1260000.0,13,Education,Salaried,0
195800.0,51800.0,709,580000.0,10,Business,Self-Employed,1
16100.0,1300.0,706,240000.0,12,Education,Self-Employed,1
74800.0,36700.0,708,470000.0,8,Business,Salaried,0
189600.0,0.0,744,1790000.0,4,Business,Salaried,1
25700.0,4600.0,464,1360000.0,5,Education,Self-Employed,0
104800.0,53900.0,474,5970000.0,5,Home,Salaried,0
147900.0,77800.0,807,470000.0,13,Education,Unemployed,0
134100.0,7500.0,758,1420000.0,2,Personal,Salaried,1
149500.0,5000.0,763,2870000.0,27,Home,Salaried,1
149200.0,17600.0,756,2560000.0,9,Business,Salaried,1
197800.0,0.0,306,1430000.0,1,Personal,Salaried,0
62500.0,9500.0,435,350000.0,15,Education,Salaried,0
83600.0,0.0,837,2100000.0,10,Business,Self-Employed,1
83700.0,0.0,672,1380000.0,4,Personal,Self-Employed,1
197200.0,0.0,766,890000.0,11,Home,Salaried,1
29600.0,3800.0,752,1340000.0,3,Education,Self-Employed,0
32600.0,17600.0,818,980000.0,11,Education,Salaried,0
149900.0,68100.0,680,5290000.0,6,Home,Unemployed,0
77500.0,23700.0,662,530000.0,11,Education,Salaried,1
133400.0,36700.0,604,90000.0,6,Personal,Salaried,0
71700.0,4700.0,412,860000.0,2,Business,Salaried,0
99000.0,0.0,819,800000.0,5,Personal,Salaried,1
31300.0,6900.0,406,6490000.0,18,Home,Salaried,0
84500.0,37300.0,754,560000.0,2,Business,Self-Employed,1
174600.0,102600.0,656,550000.0,5,Personal,Self-Employed,0
94700.0,21000.0,669,410000.0,13,Education,Salaried,1
84900.0,4800.0,475,3010000.0,6,Home,Salaried,0
62300.0,20500.0,661,1230000.0,15,Education,Salaried,1
76100.0,37700.0,775,3720000.0,22,Home,Self-Employed,0
25100.0,11100.0,687,7060000.0,16,Home,Salaried,0
56800.0,0.0,656,2750000.0,9,Business,Salaried,1
147700.0,40500.0,438,2170000.0,3,Business,Salaried,0
184900.0,0.0,812,1550000.0,3,Business,Salaried,1
185200.0,86700.0,712,340000.0,2,Business,Self-Employed,0
64400.0,26100.0,816,7730000.0,16,Home,Self-Employed,0
142000.0,40000.0,797,2370000.0,7,Business,Self-Employed,1
80600.0,16900.0,779,1280000.0,1,Business,Salaried,1
56100.0,9000.0,765,540000.0,5,Business,Salaried,1
80500.0,0.0,848,630000.0,2,Business,Self-Employed,1
129300.0,1600.0,718,400000.0,3,Education,Salaried,1
132400.0,72100.0,773,190000.0,4,Education,Salaried,0
17800.0,4300.0,766,5520000.0,19,Home,Salaried,0
184700.0,35300.0,765,1140000.0,2,Business,Self-Employed,1
87700.0,43100.0,856,1070000.0,4,Personal,Salaried,0
139600.0,13000.0,322,2990000.0,8,Business,Self-Employed,0
39500.0,7400.0,675,2680000.0,3,Business,Salaried,0
66500.0,1400.0,468,510000.0,9,Business,Self-Employed,0
137300.0,1400.0,587,1160000.0,3,Personal,Salaried,0
33500.0,0.0,608,5340000.0,28,Home,Salaried,0
91100.0,11900.0,777,7230000.0,30,Home,Salaried,1
19100.0,9400.0,612,680000.0,1,Personal,Salaried,0
112000.0,35400.0,357,1060000.0,7,Education,Self-Employed,0
21500.0,0.0,674,2150000.0,19,Home,Self-Employed,0
90500.0,49700.0,784,150000.0,2,Personal,Salaried,0
77600.0,0.0,684,1430000.0,5,Business,Salaried,1
183300.0,109300.0,322,1470000.0,6,Personal,Self-Employed,0
151400.0,55700.0,659,3860000.0,21,Home,Self-Employed,0
121900.0,22600.0,742,4060000.0,18,Home,Salaried,1
154400.0,75300.0,760,190000.0,10,Education,Self-Employed,1
114000.0,0.0,668,4590000.0,26,Home,Self-Employed,1
135100.0,0.0,648,1390000.0,2,Personal,Salaried,1
93800.0,38900.0,762,1960000.0,25,Home,Salaried,0
73100.0,40200.0,817,1660000.0,10,Business,Unemployed,1
57500.0,18500.0,692,740000.0,10,Education,Salaried,1
169200.0,2500.0,528,590000.0,14,Education,Unemployed,0
25600.0,0.0,331,690000.0,15,Education,Salaried,0
47400.0,23400.0,843,1120000.0,7,Business,Salaried,0
95000.0,48000.0,709,110000.0,6,Personal,Salaried,1
125500.0,44800.0,726,690000.0,7,Personal,Salaried,1
198600.0,76600.0,739,80000.0,4,Education,Self-Employed,1
14500.0,3400.0,721,1780000.0,29,Home,Salaried,0
124900.0,13600.0,656,1850000.0,2,Business,Self-Employed,1
178600.0,102000.0,584,230000.0,3,Personal,Salaried,0
91600.0,44200.0,669,2840000.0,5,Business,Self-Employed,0
159000.0,61200.0,702,1010000.0,12,Education,Salaried,1
182800.0,79000.0,721,700000.0,5,Business,Self-Employed,1
74100.0,16900.0,731,830000.0,9,Education,Salaried,1
176000.0,83100.0,804,5460000.0,16,Home,Self-Employed,0
172700.0,0.0,863,2510000.0,9,Business,Self-Employed,1
136600.0,29900.0,830,7260000.0,14,Home,Salaried,0
126700.0,63000.0,670,2930000.0,7,Business,Self-Employed,0
18000.0,7800.0,787,570000.0,14,Education,Self-Employed,1
87400.0,43100.0,658,1790000.0,29,Home,Salaried,0
143000.0,78500.0,641,7790000.0,15,Home,Salaried,0
194300.0,65500.0,708,540000.0,8,Education,Self-Employed,1
141600.0,25500.0,753,1440000.0,1,Personal,Self-Employed,1
24200.0,0.0,780,1050000.0,13,Education,Salaried,1
128600.0,0.0,618,5910000.0,8,Home,Self-Employed,1
120300.0,62700.0,654,3960000.0,13,Home,Self-Employed,0
83500.0,33500.0,605,1150000.0,4,Business,Self-Employed,1
76300.0,28900.0,599,930000.0,13,Education,Salaried,0
26700.0,14800.0,695,6170000.0,12,Home,Salaried,0
90600.0,29600.0,714,390000.0,3,Personal,Unemployed,0
137500.0,0.0,708,5910000.0,28,Home,Self-Employed,1
31100.0,0.0,673,440000.0,8,Business,Salaried,1
187400.0,26300.0,710,60000.0,7,Personal,Salaried,1
93900.0,3300.0,765,1100000.0,12,Education,Unemployed,1
144300.0,19700.0,536,7640000.0,11,Home,Unemployed,0
111800.0,64200.0,693,7520000.0,26,Home,Self-Employed,0
81400.0,0.0,697,6940000.0,9,Home,Salaried,0
60000.0,27600.0,716,5050000.0,7,Home,Salaried,0
16600.0,2600.0,430,1080000.0,13,Education,Salaried,0
82000.0,0.0,597,1990000.0,3,Business,Self-Employed,0
139500.0,1300.0,738,2850000.0,8,Business,Salaried,1
192500.0,0.0,353,570000.0,2,Business,Unemployed,0
27700.0,8400.0,744,1680000.0,23,Home,Self-Employed,0
26200.0,3400.0,781,430000.0,1,Business,Salaried,1
95100.0,48500.0,799,330000.0,4,Business,Salaried,1
13900.0,0.0,781,600000.0,15,Education,Salaried,0
18400.0,10400.0,813,590000.0,6,Business,Salaried,0
20900.0,600.0,782,2390000.0,5,Business,Self-Employed,0
67900.0,29000.0,784,1670000.0,2,Business,Self-Employed,1
137000.0,5900.0,378,2330000.0,13,Home,Self-Employed,0
42000.0,5900.0,650,1200000.0,2,Personal,Salaried,0
26400.0,0.0,635,6350000.0,18,Home,Self-Employed,0
118300.0,6100.0,419,390000.0,4,Personal,Salaried,0
123400.0,36000.0,602,170000.0,3,Business,Self-Employed,1
193700.0,0.0,710,430000.0,3,Personal,Self-Employed,1
138200.0,0.0,653,700000.0,5,Personal,Self-Employed,1
121800.0,19400.0,696,1400000.0,4,Personal,Self-Employed,1
76700.0,5300.0,709,1090000.0,19,Home,Self-Employed,1
139000.0,62600.0,360,550000.0,1,Personal,Self-Employed,0
83800.0,0.0,838,1180000.0,8,Business,Self-Employed,1
171100.0,76700.0,311,1100000.0,2,Personal,Salaried,0
192700.0,91000.0,343,670000.0,14,Education,Self-Employed,0
32800.0,0.0,625,480000.0,13,Education,Unemployed,1
108100.0,25700.0,708,1340000.0,9,Education,Salaried,1
85000.0,49800.0,724,740000.0,1,Personal,Self-Employed,0
64300.0,26300.0,356,5970000.0,27,Home,Salaried,0
46100.0,0.0,764,1420000.0,4,Education,Salaried,1
22800.0,3100.0,823,870000.0,28,Home,Salaried,1
27400.0,2100.0,718,4390000.0,5,Home,Salaried,0
121700.0,0.0,606,1250000.0,3,Personal,Salaried,1
101700.0,37500.0,608,280000.0,5,Education,Self-Employed,1
114700.0,23100.0,725,170000.0,5,Personal,Salaried,1
179600.0,8300.0,787,1290000.0,7,Personal,Unemployed,0
29800.0,14800.0,715,2870000.0,6,Business,Self-Employed,0
153600.0,55000.0,663,7350000.0,21,Home,Self-Employed,0
141700.0,49400.0,702,7840000.0,10,Home,Salaried,0
132900.0,6100.0,387,1200000.0,6,Personal,Self-Employed,0
196900.0,108800.0,360,1460000.0,9,Business,Salaried,0
20500.0,10300.0,756,910000.0,6,Personal,Self-Employed,0
76200.0,44200.0,470,1380000.0,11,Education,Salaried,0
171900.0,0.0,747,240000.0,3,Personal,Salaried,1
164000.0,59100.0,688,1330000.0,4,Education,Salaried,1
175100.0,0.0,326,1070000.0,5,Education,Self-Employed,0
34800.0,4900.0,695,380000.0,4,Business,Self-Employed,1
29600.0,13800.0,572,1170000.0,10,Education,Salaried,0
128900.0,33200.0,696,1190000.0,11,Education,Self-Employed,1
18000.0,0.0,808,1070000.0,10,Education,Unemployed,0
189800.0,0.0,723,1000000.0,11,Home,Salaried,1
92600.0,38500.0,752,2150000.0,1,Business,Salaried,0
134300.0,59200.0,323,5130000.0,30,Home,Salaried,0
23500.0,3500.0,710,2810000.0,5,Home,Self-Employed,0
70300.0,12500.0,518,430000.0,6,Personal,Self-Employed,0
64500.0,0.0,570,910000.0,4,Personal,Salaried,0
150300.0,5900.0,874,40000.0,7,Personal,Salaried,1
78100.0,29100.0,657,90000.0,3,Personal,Salaried,1
73100.0,27800.0,824,1840000.0,7,Home,Salaried,0
49500.0,18300.0,736,1490000.0,1,Personal,Salaried,0
83900.0,29400.0,405,1800000.0,10,Home,Salaried,0
84100.0,4700.0,794,6370000.0,11,Home,Salaried,0
161100.0,0.0,679,960000.0,2,Personal,Self-Employed,1
45400.0,0.0,656,2440000.0,9,Business,Salaried,1
60400.0,3700.0,431,3770000.0,24,Home,Unemployed,0
157900.0,27300.0,768,290000.0,5,Personal,Salaried,1
96600.0,47600.0,806,290000.0,15,Education,Salaried,1
177300.0,0.0,516,410000.0,9,Education,Self-Employed,0
51400.0,25900.0,689,850000.0,2,Business,Salaried,0
155300.0,0.0,640,4310000.0,19,Home,Salaried,1
151000.0,36400.0,851,670000.0,12,Education,Unemployed,1
88800.0,37300.0,305,1300000.0,9,Education,Salaried,0
128800.0,0.0,851,350000.0,5,Personal,Self-Employed,1
85700.0,0.0,769,100000.0,6,Business,Salaried,1
141000.0,56000.0,815,2080000.0,4,Business,Unemployed,0
81200.0,0.0,443,2960000.0,13,Home,Unemployed,0
158900.0,67400.0,666,530000.0,1,Personal,Self-Employed,1
161500.0,45700.0,738,1350000.0,15,Education,Unemployed,1
170800.0,100500.0,669,520000.0,14,Education,Unemployed,0
154000.0,0.0,878,310000.0,7,Business,Self-Employed,1
66100.0,29700.0,517,5530000.0,11,Home,Salaried,0
147400.0,68100.0,335,850000.0,9,Education,Salaried,0
126800.0,57800.0,723,570000.0,7,Personal,Unemployed,0
110500.0,0.0,663,1050000.0,3,Business,Salaried,1
52500.0,8900.0,673,4320000.0,24,Home,Self-Employed,0
113000.0,10200.0,711,3660000.0,20,Home,Salaried,1
53300.0,14300.0,695,710000.0,4,Personal,Salaried,1
85000.0,0.0,686,220000.0,10,Business,Self-Employed,1
61800.0,28700.0,677,930000.0,4,Business,Self-Employed,0
78600.0,35400.0,812,1310000.0,15,Education,Salaried,0
90900.0,1400.0,305,2610000.0,7,Business,Salaried,0
95700.0,5100.0,717,340000.0,7,Personal,Salaried,1
132900.0,67900.0,786,580000.0,3,Personal,Self-Employed,0
66600.0,9800.0,500,5410000.0,18,Home,Salaried,0
183800.0,0.0,706,1480000.0,13,Education,Unemployed,1
18900.0,9700.0,618,120000.0,2,Personal,Self-Employed,0
26600.0,12200.0,739,630000.0,8,Education,Self-Employed,0
140400.0,18100.0,496,440000.0,4,Personal,Salaried,0
91900.0,35400.0,724,1020000.0,7,Education,Salaried,1
134400.0,0.0,815,2150000.0,1,Business,Salaried,1
76500.0,17200.0,745,2570000.0,10,Home,Salaried,0
45900.0,0.0,823,6920000.0,15,Home,Salaried,0
129200.0,70900.0,607,290000.0,2,Business,Self-Employed,0
103100.0,15100.0,798,830000.0,9,Business,Salaried,1
174600.0,0.0,689,430000.0,4,Education,Salaried,0
54500.0,21100.0,548,4530000.0,28,Home,Unemployed,0
186000.0,0.0,625,360000.0,4,Business,Salaried,1
47300.0,14600.0,820,1460000.0,7,Personal,Salaried,0
190800.0,0.0,697,280000.0,1,Personal,Salaried,1
129100.0,62700.0,763,1030000.0,4,Education,Salaried,0
163800.0,0.0,327,1440000.0,10,Business,Salaried,0
30300.0,9700.0,322,7190000.0,29,Home,Unemployed,1
192600.0,29800.0,674,1060000.0,7,Personal,Unemployed,0
126400.0,35100.0,544,6850000.0,23,Home,Salaried,0
108800.0,59100.0,875,460000.0,4,Personal,Salaried,0
177900.0,20900.0,611,2180000.0,11,Home,Salaried,1
96600.0,38900.0,603,1500000.0,14,Education,Salaried,0
70800.0,31500.0,668,1210000.0,8,Education,Self-Employed,0
117000.0,0.0,626,640000.0,12,Education,Salaried,1
22400.0,1100.0,770,200000.0,9,Education,Salaried,1
83500.0,900.0,522,2560000.0,9,Business,Unemployed,0
37200.0,0.0,641,6680000.0,9,Home,Self-Employed,0
105900.0,0.0,751,590000.0,5,Personal,Self-Employed,1
17700.0,2900.0,834,350000.0,1,Business,Unemployed,1
162300.0,91200.0,721,6200000.0,22,Home,Salaried,0
41700.0,24000.0,825,420000.0,3,Personal,Self-Employed,0
48000.0,3500.0,622,3010000.0,27,Home,Salaried,0
108200.0,0.0,764,260000.0,13,Education,Self-Employed,1
83500.0,1400.0,797,860000.0,7,Business,Salaried,1
61500.0,0.0,864,1450000.0,3,Education,Self-Employed,1
27700.0,12100.0,711,1450000.0,3,Personal,Salaried,0
73900.0,0.0,639,790000.0,4,Personal,Unemployed,0
83600.0,49300.0,455,790000.0,4,Business,Self-Employed,0
36100.0,0.0,305,160000.0,1,Personal,Salaried,0
13700.0,6800.0,775,7270000.0,7,Home,Salaried,0
15100.0,6900.0,805,800000.0,7,Personal,Salaried,0
117300.0,0.0,685,900000.0,15,Education,Self-Employed,1
149400.0,0.0,711,1730000.0,10,Business,Self-Employed,1
88900.0,3000.0,769,220000.0,6,Personal,Unemployed,0
60100.0,18600.0,432,1160000.0,7,Personal,Self-Employed,0
40100.0,0.0,754,2020000.0,3,Business,Self-Employed,1
43000.0,0.0,727,1660000.0,16,Home,Salaried,1
108700.0,47400.0,797,1510000.0,7,Business,Self-Employed,0
87100.0,28800.0,676,440000.0,3,Personal,Self-Employed,1
26900.0,3200.0,380,1100000.0,6,Business,Salaried,0
143600.0,46300.0,678,7750000.0,7,Home,Unemployed,0
84500.0,0.0,407,520000.0,4,Education,Unemployed,0
128300.0,25800.0,705,1190000.0,1,Personal,Self-Employed,1
33000.0,10500.0,836,120000.0,1,Business,Salaried,1
106800.0,53500.0,656,780000.0,29,Home,Salaried,0
41200.0,0.0,726,2300000.0,4,Business,Self-Employed,0
89100.0,33600.0,711,5710000.0,7,Home,Salaried,0
161200.0,29000.0,799,520000.0,2,Personal,Salaried,1
177700.0,105200.0,832,2950000.0,13,Home,Salaried,0
122100.0,0.0,816,740000.0,3,Personal,Salaried,1
37900.0,14300.0,703,2120000.0,5,Business,Self-Employed,0
141900.0,0.0,387,680000.0,6,Personal,Salaried,0
80500.0,47400.0,537,7770000.0,28,Home,Self-Employed,0
173800.0,47300.0,437,1170000.0,10,Home,Salaried,0
189200.0,54200.0,681,1250000.0,8,Business,Salaried,1
168100.0,78800.0,735,180000.0,5,Personal,Self-Employed,1
24900.0,10300.0,785,1850000.0,3,Business,Salaried,0
63800.0,19900.0,670,1180000.0,3,Personal,Salaried,1
95600.0,44700.0,596,150000.0,6,Business,Salaried,0
145200.0,26700.0,407,730000.0,10,Education,Self-Employed,0
44800.0,100.0,779,2590000.0,1,Business,Self-Employed,0
33200.0,11800.0,880,5480000.0,8,Home,Salaried,0
98900.0,0.0,744,430000.0,13,Education,Self-Employed,1
102900.0,58200.0,722,630000.0,4,Education,Self-Employed,0
149500.0,8500.0,811,590000.0,6,Education,Self-Employed,1
173800.0,100800.0,582,1170000.0,14,Education,Salaried,0
124400.0,0.0,722,1000000.0,9,Education,Salaried,0
34100.0,3400.0,771,1190000.0,13,Education,Self-Employed,1
99400.0,48100.0,411,1080000.0,3,Personal,Salaried,0
104000.0,0.0,361,940000.0,9,Business,Self-Employed,0
199000.0,25900.0,393,1160000.0,3,Education,Salaried,0
167000.0,7800.0,757,1000000.0,1,Personal,Salaried,1
188700.0,89500.0,594,1670000.0,10,Business,Self-Employed,0
30400.0,0.0,774,580000.0,15,Education,Salaried,1
139200.0,16500.0,897,1170000.0,6,Business,Salaried,1
22900.0,7300.0,782,2900000.0,4,Business,Salaried,0
127100.0,14500.0,825,490000.0,4,Personal,Self-Employed,1
172000.0,0.0,765,5950000.0,18,Home,Salaried,1
62400.0,0.0,779,1460000.0,6,Personal,Unemployed,1
138600.0,30300.0,800,850000.0,2,Personal,Unemployed,0
195200.0,111100.0,668,1100000.0,7,Personal,Salaried,0
162400.0,49400.0,702,1410000.0,4,Education,Self-Employed,1
191900.0,0.0,675,5430000.0,15,Home,Self-Employed,1
32300.0,12400.0,863,2540000.0,10,Business,Salaried,0
154700.0,24500.0,699,1180000.0,4,Business,Unemployed,0
185800.0,10900.0,728,1280000.0,14,Education,Salaried,1
96600.0,1100.0,608,4640000.0,25,Home,Salaried,1
52700.0,0.0,724,1180000.0,5,Personal,Self-Employed,1
188600.0,75900.0,841,430000.0,11,Education,Self-Employed,1
195300.0,0.0,712,4560000.0,17,Home,Salaried,0
177100.0,30900.0,311,870000.0,4,Personal,Salaried,0
194600.0,54300.0,741,110000.0,7,Business,Salaried,1
46900.0,4100.0,726,790000.0,5,Personal,Self-Employed,0
85300.0,2300.0,467,610000.0,7,Education,Salaried,0
92700.0,32800.0,596,2180000.0,4,Business,Salaried,0
183400.0,0.0,853,1090000.0,7,Personal,Salaried,1
36600.0,0.0,476,910000.0,6,Personal,Salaried,0
82300.0,9300.0,335,610000.0,1,Personal,Self-Employed,0
74400.0,26700.0,703,1540000.0,15,Home,Salaried,0
38400.0,13200.0,306,2150000.0,8,Business,Self-Employed,0
38600.0,0.0,658,1490000.0,11,Education,Salaried,1
169800.0,400.0,669,1210000.0,4,Education,Salaried,1
82900.0,34300.0,589,290000.0,4,Education,Unemployed,0
114100.0,39100.0,844,890000.0,4,Personal,Salaried,1
75700.0,0.0,627,1400000.0,1,Personal,Unemployed,0
76900.0,41900.0,375,220000.0,6,Personal,Salaried,0
85700.0,11900.0,732,520000.0,6,Education,Salaried,1
116800.0,0.0,716,1020000.0,3,Education,Salaried,0
73000.0,0.0,532,1210000.0,10,Education,Salaried,0
132100.0,18700.0,652,4850000.0,18,Home,Self-Employed,1
153900.0,90500.0,385,2360000.0,5,Business,Salaried,0
143800.0,0.0,663,200000.0,1,Personal,Salaried,1
76100.0,22100.0,782,1790000.0,6,Business,Salaried,1
89700.0,5800.0,879,740000.0,7,Education,Self-Employed,1
151700.0,42000.0,785,270000.0,9,Education,Salaried,1
75500.0,0.0,776,4850000.0,24,Home,Salaried,0
77600.0,39200.0,739,1830000.0,7,Business,Salaried,0
159000.0,59600.0,520,7180000.0,19,Home,Unemployed,0
135000.0,72300.0,699,1540000.0,10,Business,Salaried,0
159600.0,41900.0,695,480000.0,10,Business,Salaried,1
18100.0,9800.0,371,1730000.0,11,Home,Self-Employed,0
38900.0,21700.0,700,6410000.0,27,Home,Salaried,0
195200.0,0.0,561,1870000.0,3,Business,Salaried,0
85700.0,0.0,623,1570000.0,4,Business,Salaried,1
83900.0,0.0,815,850000.0,3,Personal,Salaried,1
33900.0,15300.0,783,420000.0,8,Education,Salaried,0
111500.0,16600.0,777,490000.0,5,Education,Unemployed,1
173600.0,0.0,748,690000.0,4,Personal,Salaried,0
147800.0,0.0,671,1060000.0,20,Home,Salaried,0
146800.0,35300.0,661,900000.0,5,Personal,Self-Employed,1
158000.0,83900.0,795,2130000.0,5,Business,Salaried,0
161900.0,79400.0,755,620000.0,7,Education,Salaried,1
154900.0,47100.0,583,150000.0,1,Personal,Salaried,0
140700.0,1800.0,769,2000000.0,1,Business,Salaried,1
80900.0,19300.0,745,2010000.0,2,Business,Salaried,1
36700.0,14300.0,626,300000.0,13,Education,Salaried,1
44100.0,23000.0,719,2730000.0,6,Business,Salaried,0
119700.0,68400.0,668,4670000.0,17,Home,Salaried,0
161600.0,0.0,862,260000.0,2,Personal,Salaried,1
136800.0,57800.0,715,170000.0,1,Personal,Salaried,1
196500.0,0.0,590,470000.0,2,Business,Salaried,0
117700.0,50900.0,666,250000.0,5,Personal,Salaried,1
120200.0,0.0,738,770000.0,5,Personal,Self-Employed,1
188300.0,0.0,502,160000.0,6,Education,Salaried,0
125100.0,0.0,416,2510000.0,8,Business,Salaried,0
193100.0,0.0,790,1250000.0,5,Personal,Unemployed,0
125000.0,40900.0,652,1990000.0,8,Business,Salaried,1
133400.0,0.0,651,6140000.0,14,Home,Self-Employed,1
178100.0,0.0,715,770000.0,12,Education,Salaried,1
32700.0,0.0,803,750000.0,9,Business,Salaried,1
127300.0,58300.0,832,980000.0,6,Personal,Self-Employed,1
174500.0,0.0,767,870000.0,3,Education,Salaried,1
102800.0,7900.0,401,2110000.0,3,Business,Self-Employed,0
185500.0,87000.0,740,170000.0,7,Education,Salaried,1
139600.0,20200.0,328,710000.0,7,Personal,Unemployed,0
60600.0,0.0,735,1190000.0,3,Education,Unemployed,1
126800.0,74500.0,869,450000.0,15,Education,Salaried,0
131800.0,0.0,461,2920000.0,18,Home,Salaried,0
161900.0,34300.0,304,590000.0,7,Business,Self-Employed,0
99400.0,0.0,575,5900000.0,9,Home,Self-Employed,0
144200.0,37400.0,401,1300000.0,6,Personal,Salaried,0
103900.0,0.0,687,5440000.0,6,Home,Salaried,1
58700.0,17400.0,763,140000.0,9,Education,Salaried,1
62300.0,23200.0,667,880000.0,12,Education,Self-Employed,0
151000.0,78400.0,760,300000.0,10,Education,Self-Employed,1
49200.0,0.0,324,2160000.0,5,Home,Salaried,0
58700.0,0.0,604,7890000.0,18,Home,Salaried,0
154500.0,0.0,735,3310000.0,27,Home,Salaried,1
55300.0,30400.0,636,6660000.0,15,Home,Salaried,0
28900.0,0.0,805,110000.0,5,Personal,Salaried,1
143300.0,13100.0,759,480000.0,8,Education,Self-Employed,1
128700.0,28700.0,688,780000.0,7,Personal,Salaried,0
26200.0,3900.0,543,1100000.0,1,Business,Self-Employed,0
70300.0,0.0,543,5120000.0,20,Home,Self-Employed,0
71000.0,5200.0,408,770000.0,9,Business,Self-Employed,0
89000.0,41900.0,706,6840000.0,7,Home,Unemployed,0
146600.0,11600.0,300,680000.0,4,Education,Self-Employed,0
71100.0,16400.0,466,660000.0,10,Education,Salaried,0
140900.0,35700.0,426,1130000.0,5,Personal,Salaried,1
65500.0,0.0,802,1110000.0,5,Personal,Salaried,1
50900.0,29700.0,632,1410000.0,5,Personal,Salaried,0
100900.0,21300.0,759,2800000.0,10,Business,Unemployed,1
136200.0,81200.0,729,280000.0,10,Education,Self-Employed,0
190500.0,0.0,560,970000.0,5,Personal,Salaried,0
130900.0,27600.0,716,370000.0,14,Education,Salaried,1
53700.0,0.0,845,800000.0,5,Personal,Unemployed,0
60000.0,0.0,660,720000.0,4,Education,Salaried,1
18600.0,5900.0,713,300000.0,9,Business,Salaried,1
27800.0,7200.0,742,1160000.0,7,Business,Self-Employed,0
153100.0,84200.0,661,1400000.0,3,Education,Salaried,0
169000.0,33600.0,669,4020000.0,20,Home,Salaried,1
49600.0,20500.0,739,1710000.0,18,Home,Salaried,0
138600.0,8600.0,608,1430000.0,7,Education,Salaried,1
199400.0,118700.0,773,80000.0,5,Personal,Self-Employed,0
105200.0,15000.0,639,3330000.0,17,Home,Salaried,1
157100.0,20700.0,590,4850000.0,14,Home,Self-Employed,0
128300.0,1400.0,765,1300000.0,23,Home,Self-Employed,1
63000.0,0.0,745,2110000.0,6,Business,Salaried,1
75300.0,14800.0,565,470000.0,1,Business,Salaried,0
83900.0,42900.0,325,570000.0,13,Education,Salaried,0
31200.0,11800.0,723,1370000.0,3,Personal,Self-Employed,0
145400.0,0.0,354,470000.0,9,Business,Salaried,0
127500.0,29200.0,620,250000.0,9,Education,Salaried,1
41200.0,19800.0,732,410000.0,11,Education,Salaried,0
57900.0,16100.0,599,7570000.0,8,Home,Self-Employed,0
83500.0,29400.0,675,210000.0,7,Personal,Self-Employed,1
28000.0,15600.0,810,1750000.0,2,Business,Salaried,0
171200.0,67600.0,816,5950000.0,18,Home,Self-Employed,0
194100.0,9100.0,775,4370000.0,8,Home,Salaried,1
190400.0,9800.0,646,970000.0,4,Personal,Salaried,1
96700.0,24000.0,677,100000.0,4,Personal,Salaried,1
106600.0,4400.0,675,1220000.0,15,Education,Self-Employed,1
35500.0,0.0,753,730000.0,7,Education,Salaried,1
17100.0,10200.0,673,1920000.0,10,Business,Self-Employed,0
189200.0,12100.0,773,3000000.0,5,Business,Salaried,1
25300.0,0.0,649,2300000.0,8,Business,Unemployed,0
116600.0,64700.0,622,1260000.0,1,Personal,Self-Employed,1
67500.0,0.0,665,210000.0,5,Business,Self-Employed,0
190700.0,68600.0,394,970000.0,12,Education,Salaried,0
109200.0,58800.0,790,90000.0,3,Education,Salaried,1
12700.0,3700.0,515,2000000.0,6,Business,Self-Employed,0
164100.0,0.0,411,200000.0,4,Education,Salaried,0
198600.0,2800.0,367,950000.0,6,Business,Self-Employed,0
54800.0,21800.0,734,1280000.0,6,Business,Salaried,0
197300.0,80500.0,481,3200000.0,5,Home,Salaried,0
142600.0,15400.0,864,350000.0,4,Personal,Salaried,1
97800.0,26700.0,517,2310000.0,3,Business,Self-Employed,0
40600.0,0.0,791,2490000.0,9,Business,Self-Employed,0
57800.0,30000.0,701,710000.0,4,Education,Unemployed,0
192300.0,23200.0,778,1380000.0,4,Personal,Unemployed,0
80700.0,4900.0,506,710000.0,2,Personal,Salaried,0
75700.0,36900.0,655,1320000.0,7,Personal,Salaried,0
166100.0,59400.0,837,1010000.0,13,Education,Salaried,1
171200.0,73700.0,638,1060000.0,4,Education,Salaried,1
152500.0,0.0,636,2520000.0,1,Business,Salaried,1
22100.0,1100.0,504,5500000.0,28,Home,Salaried,0
90100.0,0.0,733,1190000.0,15,Education,Salaried,1
28500.0,800.0,724,990000.0,2,Personal,Salaried,1
82600.0,2500.0,843,1370000.0,11,Education,Self-Employed,1
138700.0,5100.0,727,1530000.0,8,Business,Salaried,1
89600.0,0.0,687,3640000.0,24,Home,Self-Employed,1
111700.0,9400.0,774,800000.0,4,Personal,Self-Employed,1
23900.0,14000.0,591,310000.0,3,Personal,Salaried,0
91600.0,50200.0,612,2560000.0,7,Business,Self-Employed,0
158900.0,68000.0,753,7830000.0,9,Home,Salaried,0
131400.0,35800.0,700,5020000.0,19,Home,Self-Employed,0
43100.0,4800.0,777,420000.0,13,Education,Self-Employed,1
152400.0,64300.0,723,7040000.0,8,Home,Self-Employed,0
92100.0,39100.0,733,4090000.0,15,Home,Salaried,0
136100.0,63000.0,474,290000.0,10,Education,Salaried,0
79000.0,7200.0,675,600000.0,2,Personal,Salaried,1
178600.0,0.0,586,240000.0,3,Personal,Salaried,0
13300.0,2800.0,734,750000.0,7,Personal,Salaried,0
161800.0,80600.0,513,1020000.0,6,Business,Unemployed,0
96900.0,4300.0,663,3440000.0,19,Home,Salaried,0
78800.0,0.0,710,400000.0,6,Business,Salaried,1
42100.0,20100.0,696,1440000.0,3,Education,Self-Employed,0
43200.0,16500.0,716,7710000.0,10,Home,Salaried,0
140400.0,17100.0,712,1080000.0,3,Personal,Self-Employed,1
40100.0,3200.0,713,80000.0,7,Education,Salaried,1
138600.0,59600.0,762,2310000.0,4,Business,Salaried,0
129400.0,0.0,623,1080000.0,3,Education,Salaried,1
33600.0,10800.0,637,660000.0,2,Personal,Salaried,1
90600.0,0.0,669,90000.0,6,Personal,Salaried,1
182000.0,74600.0,459,1980000.0,19,Home,Salaried,0
196400.0,0.0,847,730000.0,24,Home,Salaried,1
53600.0,28900.0,701,1720000.0,5,Business,Self-Employed,1
59800.0,9100.0,397,3770000.0,13,Home,Self-Employed,0
114800.0,50600.0,627,1100000.0,1,Personal,Salaried,1
189700.0,0.0,564,240000.0,4,Education,Salaried,0
15400.0,7400.0,862,640000.0,6,Personal,Salaried,0
169300.0,0.0,762,5720000.0,9,Home,Salaried,1
169400.0,46400.0,684,540000.0,3,Personal,Salaried,1
88100.0,0.0,757,910000.0,3,Education,Salaried,1
74000.0,14400.0,710,300000.0,4,Personal,Salaried,1
53600.0,0.0,738,7770000.0,5,Home,Salaried,0
112300.0,0.0,776,730000.0,11,Education,Self-Employed,1
36700.0,19700.0,763,1440000.0,15,Education,Self-Employed,0
46000.0,21900.0,712,700000.0,12,Education,Salaried,0
47400.0,16800.0,583,480000.0,3,Personal,Salaried,0
59000.0,0.0,622,3420000.0,22,Home,Salaried,0
119200.0,0.0,776,1320000.0,13,Education,Unemployed,1
158000.0,67200.0,699,560000.0,21,Home,Salaried,1
152700.0,46500.0,725,1890000.0,4,Business,Salaried,0
181700.0,0.0,769,1760000.0,8,Business,Salaried,1
131100.0,0.0,836,7340000.0,12,Home,Salaried,0
177800.0,94100.0,697,1960000.0,9,Business,Self-Employed,0
31700.0,0.0,668,1770000.0,7,Business,Salaried,0
180600.0,400.0,738,930000.0,5,Personal,Self-Employed,1
70800.0,27300.0,787,450000.0,3,Education,Self-Employed,1
37500.0,20800.0,667,6260000.0,16,Home,Self-Employed,0
17800.0,0.0,692,990000.0,5,Personal,Self-Employed,0
131700.0,0.0,715,930000.0,15,Education,Unemployed,1
172800.0,78400.0,424,1310000.0,9,Business,Salaried,0
199200.0,36600.0,799,2110000.0,1,Business,Salaried,1
170000.0,39600.0,471,1290000.0,3,Personal,Self-Employed,0
112500.0,10600.0,766,770000.0,3,Personal,Salaried,0
122500.0,70100.0,778,5960000.0,12,Home,Salaried,0
140500.0,16500.0,686,5530000.0,15,Home,Unemployed,0
41300.0,1300.0,637,440000.0,10,Education,Self-Employed,1
74000.0,10800.0,698,2120000.0,1,Business,Self-Employed,1
89300.0,3900.0,685,7530000.0,30,Home,Salaried,0
162200.0,15600.0,671,1010000.0,4,Education,Self-Employed,1
149700.0,0.0,381,3780000.0,17,Home,Salaried,0
40100.0,0.0,752,5240000.0,16,Home,Salaried,0
142700.0,400.0,698,1230000.0,8,Education,Salaried,1
88700.0,0.0,722,750000.0,5,Personal,Salaried,1
52700.0,15400.0,347,1100000.0,3,Education,Unemployed,0
109700.0,54300.0,699,2020000.0,3,Business,Salaried,0
117800.0,48500.0,734,1190000.0,6,Business,Self-Employed,1
157400.0,60800.0,305,2190000.0,6,Business,Salaried,0
51000.0,0.0,743,3930000.0,24,Home,Salaried,0
